"site","model_name","resolution","max_key_Rhat","is_converged","confidence"
"nwis_01104430","nwis_01104430-1-170214 1.0.1 bayes_15min","15min",12.166583605593,FALSE,NA
"nwis_01124000","nwis_01124000-2-170214 1.0.1 bayes_15min","15min",1.00651574972418,TRUE,NA
"nwis_01125100","nwis_01125100-3-170214 1.0.1 bayes_15min","15min",1.00643786953879,TRUE,NA
"nwis_01184000","nwis_01184000-4-170214 1.0.1 bayes_15min","15min",2.86346671635498,FALSE,NA
"nwis_01193050","nwis_01193050-5-170214 1.0.1 bayes_15min","15min",1.91169858644932,FALSE,NA
"nwis_01196500","nwis_01196500-6-170214 1.0.1 bayes_15min","15min",1.11577311335552,TRUE,NA
"nwis_01201487","nwis_01201487-7-170214 1.0.1 bayes_15min","15min",1.02505432933006,TRUE,NA
"nwis_01208500","nwis_01208500-8-170214 1.0.1 bayes_15min","15min",1.02947061271804,TRUE,NA
"nwis_01208990","nwis_01208990-9-170214 1.0.1 bayes_15min","15min",1.01403096453321,TRUE,NA
"nwis_01382210","nwis_01382210-10-170214 1.0.1 bayes_15min","15min",1.04788764056243,TRUE,NA
"nwis_01388000","nwis_01388000-11-170214 1.0.1 bayes_60min","60min",6.2627461058196,FALSE,NA
"nwis_01400500","nwis_01400500-12-170214 1.0.1 bayes_15min","15min",1.01821977406037,TRUE,NA
"nwis_01400500","nwis_01400500-13-170214 1.0.1 bayes_30min","30min",1.03035496916262,TRUE,NA
"nwis_01400500","nwis_01400500-14-170214 1.0.1 bayes_60min","60min",1.4093338827649,FALSE,NA
"nwis_01400500","Overall",NA,NA,NA,NA
"nwis_01408500","nwis_01408500-15-170214 1.0.1 bayes_30min","30min",1.01197805763379,TRUE,NA
"nwis_01408500","nwis_01408500-16-170214 1.0.1 bayes_60min","60min",1.19055400854806,TRUE,NA
"nwis_01408500","Overall",NA,NA,NA,NA
"nwis_01433500","nwis_01433500-17-170214 1.0.1 bayes_15min","15min",1.00644172033443,TRUE,NA
"nwis_01454700","nwis_01454700-18-170214 1.0.1 bayes_15min","15min",2.14437822899485,FALSE,NA
"nwis_01463500","nwis_01463500-19-170214 1.0.1 bayes_60min","60min",1.0301153463367,TRUE,NA
"nwis_01473500","nwis_01473500-20-170214 1.0.1 bayes_15min","15min",1.62444187240697,FALSE,NA
"nwis_01473500","nwis_01473500-21-170214 1.0.1 bayes_30min","30min",1.73733205441717,FALSE,NA
"nwis_01473500","Overall",NA,NA,NA,NA
"nwis_01474500","nwis_01474500-22-170214 1.0.1 bayes_30min","30min",2.13987484143931,FALSE,NA
"nwis_01480617","nwis_01480617-23-170214 1.0.1 bayes_15min","15min",1.04936624062496,TRUE,NA
"nwis_01480617","nwis_01480617-24-170214 1.0.1 bayes_30min","30min",5.56624341307853,FALSE,NA
"nwis_01480617","Overall",NA,NA,NA,NA
"nwis_01480870","nwis_01480870-25-170214 1.0.1 bayes_15min","15min",1.02478242833048,TRUE,NA
"nwis_01480870","nwis_01480870-26-170214 1.0.1 bayes_30min","30min",1.0772743855475,TRUE,NA
"nwis_01480870","Overall",NA,NA,NA,NA
"nwis_01481000","nwis_01481000-27-170214 1.0.1 bayes_15min","15min",1.0094304897113,TRUE,NA
"nwis_01481000","nwis_01481000-28-170214 1.0.1 bayes_30min","30min",1.04770576990265,TRUE,NA
"nwis_01481000","Overall",NA,NA,NA,NA
"nwis_01481500","nwis_01481500-29-170214 1.0.1 bayes_15min","15min",1.01420883339889,TRUE,NA
"nwis_01484525","nwis_01484525-30-170214 1.0.1 bayes_15min","15min",1.96075617742445,FALSE,NA
"nwis_01487150","nwis_01487150-31-170214 1.0.1 bayes_15min","15min",1.87282905471758,FALSE,NA
"nwis_01493112","nwis_01493112-32-170214 1.0.1 bayes_15min","15min",1.05676933262648,TRUE,NA
"nwis_01540500","nwis_01540500-33-170214 1.0.1 bayes_15min","15min",1.06349254322447,TRUE,NA
"nwis_01542500","nwis_01542500-34-170214 1.0.1 bayes_15min","15min",1.02441934846244,TRUE,NA
"nwis_01544500","nwis_01544500-35-170214 1.0.1 bayes_15min","15min",1.00967988467818,TRUE,NA
"nwis_01548303","nwis_01548303-36-170214 1.0.1 bayes_15min","15min",NA,NA,NA
"nwis_01549700","nwis_01549700-37-170214 1.0.1 bayes_15min","15min",1.02972811347836,TRUE,NA
"nwis_01567000","nwis_01567000-38-170214 1.0.1 bayes_30min","30min",1.01901547176775,TRUE,NA
"nwis_01570500","nwis_01570500-39-170214 1.0.1 bayes_30min","30min",3.61132776436219,FALSE,NA
"nwis_01608500","nwis_01608500-40-170214 1.0.1 bayes_30min","30min",1.00552715700597,TRUE,NA
"nwis_01611500","nwis_01611500-41-170214 1.0.1 bayes_30min","30min",1.02204874217308,TRUE,NA
"nwis_01611500","nwis_01611500-42-170214 1.0.1 bayes_60min","60min",1.02594428164669,TRUE,NA
"nwis_01611500","Overall",NA,NA,NA,NA
"nwis_01632900","nwis_01632900-43-170214 1.0.1 bayes_15min","15min",1.01912370751715,TRUE,NA
"nwis_01645704","nwis_01645704-44-170214 1.0.1 bayes_15min","15min",1.00500894540341,TRUE,NA
"nwis_01645762","nwis_01645762-45-170214 1.0.1 bayes_15min","15min",1.00993138752092,TRUE,NA
"nwis_01646000","nwis_01646000-46-170214 1.0.1 bayes_15min","15min",1.02394167237107,TRUE,NA
"nwis_01646305","nwis_01646305-47-170214 1.0.1 bayes_15min","15min",1.02770207248847,TRUE,NA
"nwis_01646500","nwis_01646500-48-170214 1.0.1 bayes_15min","15min",1.72127174062145,FALSE,NA
"nwis_01648010","nwis_01648010-49-170214 1.0.1 bayes_5min","5min",1.01963081814339,TRUE,NA
"nwis_01648010","nwis_01648010-50-170214 1.0.1 bayes_15min","15min",1.00873691552317,TRUE,NA
"nwis_01648010","Overall",NA,NA,NA,NA
"nwis_01649190","nwis_01649190-51-170214 1.0.1 bayes_5min","5min",1.01093242470299,TRUE,NA
"nwis_01649190","nwis_01649190-52-170214 1.0.1 bayes_15min","15min",1.01709092137935,TRUE,NA
"nwis_01649190","Overall",NA,NA,NA,NA
"nwis_01649500","nwis_01649500-53-170214 1.0.1 bayes_5min","5min",1.00682878444001,TRUE,NA
"nwis_01649500","nwis_01649500-54-170214 1.0.1 bayes_15min","15min",1.01753951426978,TRUE,NA
"nwis_01649500","Overall",NA,NA,NA,NA
"nwis_01650800","nwis_01650800-55-170214 1.0.1 bayes_5min","5min",1.00546980494051,TRUE,NA
"nwis_0165389205","nwis_0165389205-56-170214 1.0.1 bayes_15min","15min",1.00804187748993,TRUE,NA
"nwis_01654000","nwis_01654000-57-170214 1.0.1 bayes_15min","15min",1.00866297102798,TRUE,NA
"nwis_01654500","nwis_01654500-58-170214 1.0.1 bayes_15min","15min",1.00647792494659,TRUE,NA
"nwis_01656903","nwis_01656903-59-170214 1.0.1 bayes_15min","15min",1.00939625113344,TRUE,NA
"nwis_01658000","nwis_01658000-60-170214 1.0.1 bayes_15min","15min",1.01043882483055,TRUE,NA
"nwis_0166818623","nwis_0166818623-61-170214 1.0.1 bayes_15min","15min",1.01988600530307,TRUE,NA
"nwis_0166818985","nwis_0166818985-62-170214 1.0.1 bayes_15min","15min",1.02886147206118,TRUE,NA
"nwis_01673000","nwis_01673000-63-170214 1.0.1 bayes_15min","15min",1.02576422081657,TRUE,NA
"nwis_02035000","nwis_02035000-64-170214 1.0.1 bayes_15min","15min",1.05089306539113,TRUE,NA
"nwis_02101726","nwis_02101726-65-170214 1.0.1 bayes_15min","15min",1.10673912205695,TRUE,NA
"nwis_02110400","nwis_02110400-66-170214 1.0.1 bayes_15min","15min",1.04571221088648,TRUE,NA
"nwis_02110500","nwis_02110500-67-170214 1.0.1 bayes_15min","15min",1.04692436677939,TRUE,NA
"nwis_02110550","nwis_02110550-68-170214 1.0.1 bayes_15min","15min",1.35054469240091,FALSE,NA
"nwis_02110701","nwis_02110701-69-170214 1.0.1 bayes_15min","15min",1.01012080956572,TRUE,NA
"nwis_02110704","nwis_02110704-70-170214 1.0.1 bayes_15min","15min",1.46675347451643,FALSE,NA
"nwis_0212378405","nwis_0212378405-71-170214 1.0.1 bayes_5min","5min",1.07274848145561,TRUE,NA
"nwis_0212378405","nwis_0212378405-72-170214 1.0.1 bayes_15min","15min",1.16788616939104,TRUE,NA
"nwis_0212378405","Overall",NA,NA,NA,NA
"nwis_02135000","nwis_02135000-73-170214 1.0.1 bayes_15min","15min",1.01834630774316,TRUE,NA
"nwis_02148315","nwis_02148315-74-170214 1.0.1 bayes_60min","60min",1.08665840329516,TRUE,NA
"nwis_02156500","nwis_02156500-75-170214 1.0.1 bayes_60min","60min",1.08274773963564,TRUE,NA
"nwis_02160105","nwis_02160105-76-170214 1.0.1 bayes_60min","60min",4.71026746120398,FALSE,NA
"nwis_02160700","nwis_02160700-77-170214 1.0.1 bayes_60min","60min",1.02705096598751,TRUE,NA
"nwis_02162035","nwis_02162035-78-170214 1.0.1 bayes_5min","5min",1.04376186951618,TRUE,NA
"nwis_02162035","nwis_02162035-79-170214 1.0.1 bayes_15min","15min",1.2743081062895,FALSE,NA
"nwis_02162035","Overall",NA,NA,NA,NA
"nwis_02168504","nwis_02168504-80-170214 1.0.1 bayes_60min","60min",NA,NA,NA
"nwis_02169000","nwis_02169000-81-170214 1.0.1 bayes_15min","15min",1.01433368265578,TRUE,NA
"nwis_02169000","nwis_02169000-82-170214 1.0.1 bayes_60min","60min",2.03655853074585,FALSE,NA
"nwis_02169000","Overall",NA,NA,NA,NA
"nwis_02171645","nwis_02171645-83-170214 1.0.1 bayes_15min","15min",1.15414745916482,TRUE,NA
"nwis_02171645","nwis_02171645-84-170214 1.0.1 bayes_60min","60min",1.0644085320415,TRUE,NA
"nwis_02171645","Overall",NA,NA,NA,NA
"nwis_02203655","nwis_02203655-85-170214 1.0.1 bayes_15min","15min",1.01205694448752,TRUE,NA
"nwis_02203700","nwis_02203700-86-170214 1.0.1 bayes_15min","15min",1.24695392379596,FALSE,NA
"nwis_02203863","nwis_02203863-87-170214 1.0.1 bayes_15min","15min",1.04092006468443,TRUE,NA
"nwis_02203900","nwis_02203900-88-170214 1.0.1 bayes_15min","15min",1.02856628344286,TRUE,NA
"nwis_02203950","nwis_02203950-89-170214 1.0.1 bayes_15min","15min",1.00872935658505,TRUE,NA
"nwis_02203960","nwis_02203960-90-170214 1.0.1 bayes_15min","15min",1.01740446213314,TRUE,NA
"nwis_02204037","nwis_02204037-91-170214 1.0.1 bayes_15min","15min",1.03904047361904,TRUE,NA
"nwis_02207135","nwis_02207135-92-170214 1.0.1 bayes_15min","15min",1.01508777939484,TRUE,NA
"nwis_02207160","nwis_02207160-93-170214 1.0.1 bayes_15min","15min",1.01509614606909,TRUE,NA
"nwis_02208450","nwis_02208450-94-170214 1.0.1 bayes_15min","15min",1.01602479499264,TRUE,NA
"nwis_02208493","nwis_02208493-95-170214 1.0.1 bayes_15min","15min",1.00786734240278,TRUE,NA
"nwis_02217643","nwis_02217643-96-170214 1.0.1 bayes_15min","15min",7.89374635138704,FALSE,NA
"nwis_02234000","nwis_02234000-97-170214 1.0.1 bayes_15min","15min",3.86920961764449,FALSE,NA
"nwis_02234000","nwis_02234000-98-170214 1.0.1 bayes_30min","30min",1.6287061216092,FALSE,NA
"nwis_02234000","Overall",NA,NA,NA,NA
"nwis_02234500","nwis_02234500-100-170214 1.0.1 bayes_30min","30min",1.4855208501955,FALSE,NA
"nwis_02234500","nwis_02234500-99-170214 1.0.1 bayes_15min","15min",2.35608232318894,FALSE,NA
"nwis_02234500","Overall",NA,NA,NA,NA
"nwis_02235500","nwis_02235500-101-170214 1.0.1 bayes_15min","15min",3.15137623983412,FALSE,NA
"nwis_02236000","nwis_02236000-102-170214 1.0.1 bayes_15min","15min",3.0407435639564,FALSE,NA
"nwis_02236000","nwis_02236000-103-170214 1.0.1 bayes_30min","30min",1.56650064243656,FALSE,NA
"nwis_02236000","Overall",NA,NA,NA,NA
"nwis_02236125","nwis_02236125-104-170214 1.0.1 bayes_15min","15min",2.29806894493518,FALSE,NA
"nwis_02236125","nwis_02236125-105-170214 1.0.1 bayes_30min","30min",1.45596065077983,FALSE,NA
"nwis_02236125","nwis_02236125-106-170214 1.0.1 bayes_60min","60min",1.36001277164407,FALSE,NA
"nwis_02236125","Overall",NA,NA,NA,NA
"nwis_02244040","nwis_02244040-107-170214 1.0.1 bayes_15min","15min",1.21389489051866,FALSE,NA
"nwis_02245260","nwis_02245260-108-170214 1.0.1 bayes_15min","15min",1.18305645803589,TRUE,NA
"nwis_02264000","nwis_02264000-109-170214 1.0.1 bayes_15min","15min",1.00457714236786,TRUE,NA
"nwis_02264000","nwis_02264000-110-170214 1.0.1 bayes_60min","60min",1.39426758231094,FALSE,NA
"nwis_02264000","Overall",NA,NA,NA,NA
"nwis_02264100","nwis_02264100-111-170214 1.0.1 bayes_15min","15min",1.02145938075331,TRUE,NA
"nwis_02264100","nwis_02264100-112-170214 1.0.1 bayes_30min","30min",1.03857278765977,TRUE,NA
"nwis_02264100","Overall",NA,NA,NA,NA
"nwis_02266200","nwis_02266200-113-170214 1.0.1 bayes_15min","15min",1.01621486025698,TRUE,NA
"nwis_02266200","nwis_02266200-114-170214 1.0.1 bayes_30min","30min",1.00931755666848,TRUE,NA
"nwis_02266200","nwis_02266200-115-170214 1.0.1 bayes_60min","60min",1.95276162339722,FALSE,NA
"nwis_02266200","Overall",NA,NA,NA,NA
"nwis_02266300","nwis_02266300-116-170214 1.0.1 bayes_15min","15min",1.01478615210862,TRUE,NA
"nwis_02266300","nwis_02266300-117-170214 1.0.1 bayes_60min","60min",1.07540635412748,TRUE,NA
"nwis_02266300","Overall",NA,NA,NA,NA
"nwis_02319302","nwis_02319302-118-170214 1.0.1 bayes_15min","15min",1.37102651150945,FALSE,NA
"nwis_02320250","nwis_02320250-119-170214 1.0.1 bayes_15min","15min",1.44865355542904,FALSE,NA
"nwis_02322688","nwis_02322688-120-170214 1.0.1 bayes_15min","15min",2.03675665390991,FALSE,NA
"nwis_02323502","nwis_02323502-121-170214 1.0.1 bayes_15min","15min",1.03607957766771,TRUE,NA
"nwis_02323566","nwis_02323566-122-170214 1.0.1 bayes_15min","15min",1.03251738270463,TRUE,NA
"nwis_02336120","nwis_02336120-123-170214 1.0.1 bayes_15min","15min",1.03276215729056,TRUE,NA
"nwis_02336152","nwis_02336152-124-170214 1.0.1 bayes_15min","15min",1.01474874528705,TRUE,NA
"nwis_023362095","nwis_023362095-125-170214 1.0.1 bayes_15min","15min",1.00913886345316,TRUE,NA
"nwis_02336240","nwis_02336240-126-170214 1.0.1 bayes_15min","15min",1.02219967846771,TRUE,NA
"nwis_02336300","nwis_02336300-127-170214 1.0.1 bayes_15min","15min",1.00975799030633,TRUE,NA
"nwis_02336313","nwis_02336313-128-170214 1.0.1 bayes_15min","15min",1.01514729814168,TRUE,NA
"nwis_02336340","nwis_02336340-129-170214 1.0.1 bayes_15min","15min",1.01345588090808,TRUE,NA
"nwis_02336360","nwis_02336360-130-170214 1.0.1 bayes_15min","15min",1.01268302180374,TRUE,NA
"nwis_02336410","nwis_02336410-131-170214 1.0.1 bayes_15min","15min",1.01968949970458,TRUE,NA
"nwis_02336526","nwis_02336526-132-170214 1.0.1 bayes_15min","15min",1.00467598431588,TRUE,NA
"nwis_02336728","nwis_02336728-133-170214 1.0.1 bayes_15min","15min",1.02242209402441,TRUE,NA
"nwis_02337170","nwis_02337170-134-170214 1.0.1 bayes_15min","15min",1.01192802769762,TRUE,NA
"nwis_02337170","nwis_02337170-135-170214 1.0.1 bayes_60min","60min",1.14709740296756,TRUE,NA
"nwis_02337170","Overall",NA,NA,NA,NA
"nwis_023432415","nwis_023432415-136-170214 1.0.1 bayes_15min","15min",1.02290554448883,TRUE,NA
"nwis_02344630","nwis_02344630-137-170214 1.0.1 bayes_15min","15min",1.02519787969664,TRUE,NA
"nwis_02397530","nwis_02397530-138-170214 1.0.1 bayes_15min","15min",2.77965016066,FALSE,NA
"nwis_02492620","nwis_02492620-139-170214 1.0.1 bayes_15min","15min",1.38852595129746,FALSE,NA
"nwis_03007800","nwis_03007800-140-170214 1.0.1 bayes_15min","15min",1.01692370801807,TRUE,NA
"nwis_03025500","nwis_03025500-141-170214 1.0.1 bayes_15min","15min",1.24128196930722,FALSE,NA
"nwis_03027500","nwis_03027500-142-170214 1.0.1 bayes_15min","15min",5.34049866790197,FALSE,NA
"nwis_03034000","nwis_03034000-143-170214 1.0.1 bayes_15min","15min",1.02778254938944,TRUE,NA
"nwis_03036000","nwis_03036000-144-170214 1.0.1 bayes_15min","15min",1.03464118531199,TRUE,NA
"nwis_03036000","nwis_03036000-145-170214 1.0.1 bayes_30min","30min",1.12841312024801,TRUE,NA
"nwis_03036000","nwis_03036000-146-170214 1.0.1 bayes_60min","60min",3.84704919119657,FALSE,NA
"nwis_03036000","Overall",NA,NA,NA,NA
"nwis_03058000","nwis_03058000-147-170214 1.0.1 bayes_15min","15min",1.94149134427946,FALSE,NA
"nwis_03058000","nwis_03058000-148-170214 1.0.1 bayes_30min","30min",4.85962528474308,FALSE,NA
"nwis_03058000","nwis_03058000-149-170214 1.0.1 bayes_60min","60min",4.54316784805798,FALSE,NA
"nwis_03058000","Overall",NA,NA,NA,NA
"nwis_03061000","nwis_03061000-150-170214 1.0.1 bayes_15min","15min",2.03778834166213,FALSE,NA
"nwis_03061000","nwis_03061000-151-170214 1.0.1 bayes_30min","30min",3.30445723322392,FALSE,NA
"nwis_03061000","nwis_03061000-152-170214 1.0.1 bayes_60min","60min",1.52557633830941,FALSE,NA
"nwis_03061000","Overall",NA,NA,NA,NA
"nwis_03067510","nwis_03067510-153-170214 1.0.1 bayes_15min","15min",1.01835894138752,TRUE,NA
"nwis_03067510","nwis_03067510-154-170214 1.0.1 bayes_30min","30min",1.00804302034545,TRUE,NA
"nwis_03067510","Overall",NA,NA,NA,NA
"nwis_03072655","nwis_03072655-155-170214 1.0.1 bayes_15min","15min",2.11243359811002,FALSE,NA
"nwis_03073000","nwis_03073000-156-170214 1.0.1 bayes_15min","15min",1.00954127510278,TRUE,NA
"nwis_03075070","nwis_03075070-157-170214 1.0.1 bayes_15min","15min",1.24099979765961,FALSE,NA
"nwis_03075070","nwis_03075070-158-170214 1.0.1 bayes_60min","60min",1.78372503241397,FALSE,NA
"nwis_03075070","Overall",NA,NA,NA,NA
"nwis_03081000","nwis_03081000-159-170214 1.0.1 bayes_15min","15min",1.01651413960489,TRUE,NA
"nwis_03081000","nwis_03081000-160-170214 1.0.1 bayes_60min","60min",1.01997278905166,TRUE,NA
"nwis_03081000","Overall",NA,NA,NA,NA
"nwis_03083500","nwis_03083500-161-170214 1.0.1 bayes_15min","15min",1.35593391533321,FALSE,NA
"nwis_03083500","nwis_03083500-162-170214 1.0.1 bayes_60min","60min",2.98734575971675,FALSE,NA
"nwis_03083500","Overall",NA,NA,NA,NA
"nwis_03098600","nwis_03098600-163-170214 1.0.1 bayes_60min","60min",1.01973715959002,TRUE,NA
"nwis_03105500","nwis_03105500-164-170214 1.0.1 bayes_15min","15min",1.02623821449712,TRUE,NA
"nwis_03106000","nwis_03106000-165-170214 1.0.1 bayes_15min","15min",1.00803979413917,TRUE,NA
"nwis_03121850","nwis_03121850-166-170214 1.0.1 bayes_60min","60min",13.9893715362787,FALSE,NA
"nwis_03183500","nwis_03183500-167-170214 1.0.1 bayes_30min","30min",1.01957499189539,TRUE,NA
"nwis_03183500","nwis_03183500-168-170214 1.0.1 bayes_60min","60min",1.01830647550187,TRUE,NA
"nwis_03183500","Overall",NA,NA,NA,NA
"nwis_03219500","nwis_03219500-169-170214 1.0.1 bayes_30min","30min",1.01178907916822,TRUE,NA
"nwis_03219500","nwis_03219500-170-170214 1.0.1 bayes_60min","60min",1.02861313976291,TRUE,NA
"nwis_03219500","Overall",NA,NA,NA,NA
"nwis_03228300","nwis_03228300-171-170214 1.0.1 bayes_60min","60min",1.16187444179377,TRUE,NA
"nwis_03255349","nwis_03255349-172-170214 1.0.1 bayes_15min","15min",1.02388278365822,TRUE,NA
"nwis_03259757","nwis_03259757-173-170214 1.0.1 bayes_15min","15min",1.0142001719205,TRUE,NA
"nwis_03259813","nwis_03259813-174-170214 1.0.1 bayes_15min","15min",1.00185754614268,TRUE,NA
"nwis_03289200","nwis_03289200-175-170214 1.0.1 bayes_15min","15min",1.01532622128062,TRUE,NA
"nwis_03292470","nwis_03292470-176-170214 1.0.1 bayes_15min","15min",1.02346196386522,TRUE,NA
"nwis_03292474","nwis_03292474-177-170214 1.0.1 bayes_15min","15min",1.01626059224172,TRUE,NA
"nwis_03292475","nwis_03292475-178-170214 1.0.1 bayes_15min","15min",1.01675773657967,TRUE,NA
"nwis_03292480","nwis_03292480-179-170214 1.0.1 bayes_15min","15min",NA,NA,NA
"nwis_03293000","nwis_03293000-180-170214 1.0.1 bayes_15min","15min",NA,NA,NA
"nwis_03293500","nwis_03293500-181-170214 1.0.1 bayes_15min","15min",1.01420021744675,TRUE,NA
"nwis_03293530","nwis_03293530-182-170214 1.0.1 bayes_15min","15min",1.01499534948424,TRUE,NA
"nwis_03294570","nwis_03294570-183-170214 1.0.1 bayes_15min","15min",1.00532788423457,TRUE,NA
"nwis_03297900","nwis_03297900-184-170214 1.0.1 bayes_15min","15min",1.11134718613091,TRUE,NA
"nwis_03298000","nwis_03298000-185-170214 1.0.1 bayes_15min","15min",1.01757563250048,TRUE,NA
"nwis_03298135","nwis_03298135-186-170214 1.0.1 bayes_15min","15min",1.10703525680605,TRUE,NA
"nwis_03298150","nwis_03298150-187-170214 1.0.1 bayes_15min","15min",1.00782315091418,TRUE,NA
"nwis_03298200","nwis_03298200-188-170214 1.0.1 bayes_15min","15min",NA,NA,NA
"nwis_03298250","nwis_03298250-189-170214 1.0.1 bayes_15min","15min",1.01947892376514,TRUE,NA
"nwis_03298300","nwis_03298300-190-170214 1.0.1 bayes_15min","15min",1.01082398015132,TRUE,NA
"nwis_03301900","nwis_03301900-191-170214 1.0.1 bayes_15min","15min",1.00603429232571,TRUE,NA
"nwis_03301940","nwis_03301940-192-170214 1.0.1 bayes_15min","15min",1.01167488122344,TRUE,NA
"nwis_03302000","nwis_03302000-193-170214 1.0.1 bayes_15min","15min",1.11822074887501,TRUE,NA
"nwis_03302030","nwis_03302030-194-170214 1.0.1 bayes_15min","15min",1.11252448333559,TRUE,NA
"nwis_03302050","nwis_03302050-195-170214 1.0.1 bayes_15min","15min",1.02355656798081,TRUE,NA
"nwis_03321500","nwis_03321500-196-170214 1.0.1 bayes_15min","15min",2.06233683172672,FALSE,NA
"nwis_03339000","nwis_03339000-197-170214 1.0.1 bayes_15min","15min",1.02209785779307,TRUE,NA
"nwis_03346500","nwis_03346500-198-170214 1.0.1 bayes_15min","15min",2.41947007102828,FALSE,NA
"nwis_03353200","nwis_03353200-199-170214 1.0.1 bayes_15min","15min",1.0198888001014,TRUE,NA
"nwis_03353420","nwis_03353420-200-170214 1.0.1 bayes_15min","15min",1.03810565068782,TRUE,NA
"nwis_03374100","nwis_03374100-201-170214 1.0.1 bayes_15min","15min",1.00600004303801,TRUE,NA
"nwis_03374100","nwis_03374100-202-170214 1.0.1 bayes_60min","60min",1.20063049471291,FALSE,NA
"nwis_03374100","Overall",NA,NA,NA,NA
"nwis_03408500","nwis_03408500-203-170214 1.0.1 bayes_30min","30min",1.02684123553144,TRUE,NA
"nwis_03409500","nwis_03409500-204-170214 1.0.1 bayes_30min","30min",1.04889291113116,TRUE,NA
"nwis_03430200","nwis_03430200-205-170214 1.0.1 bayes_30min","30min",1.15299997764321,TRUE,NA
"nwis_03460795","nwis_03460795-206-170214 1.0.1 bayes_15min","15min",1.17434744841582,TRUE,NA
"nwis_03512000","nwis_03512000-207-170214 1.0.1 bayes_15min","15min",1.016898786936,TRUE,NA
"nwis_03538830","nwis_03538830-208-170214 1.0.1 bayes_30min","30min",1.05838494465839,TRUE,NA
"nwis_03539600","nwis_03539600-209-170214 1.0.1 bayes_30min","30min",1.95069812914283,FALSE,NA
"nwis_03539778","nwis_03539778-210-170214 1.0.1 bayes_15min","15min",1.02843044566203,TRUE,NA
"nwis_03539778","nwis_03539778-211-170214 1.0.1 bayes_30min","30min",1.03577579672355,TRUE,NA
"nwis_03539778","Overall",NA,NA,NA,NA
"nwis_03597860","nwis_03597860-212-170214 1.0.1 bayes_30min","30min",4.77664459880828,FALSE,NA
"nwis_03597860","nwis_03597860-213-170214 1.0.1 bayes_60min","60min",9.57334079066469,FALSE,NA
"nwis_03597860","Overall",NA,NA,NA,NA
"nwis_04024000","nwis_04024000-214-170214 1.0.1 bayes_60min","60min",1.34246278616737,FALSE,NA
"nwis_04027000","nwis_04027000-215-170214 1.0.1 bayes_15min","15min",1.01229926864223,TRUE,NA
"nwis_04040000","nwis_04040000-216-170214 1.0.1 bayes_15min","15min",1.04092097049393,TRUE,NA
"nwis_04059500","nwis_04059500-217-170214 1.0.1 bayes_15min","15min",1.00546888159129,TRUE,NA
"nwis_04067500","nwis_04067500-218-170214 1.0.1 bayes_5min","5min",1.00364785629881,TRUE,NA
"nwis_04067500","nwis_04067500-219-170214 1.0.1 bayes_15min","15min",1.06883696739194,TRUE,NA
"nwis_04067500","Overall",NA,NA,NA,NA
"nwis_04085108","nwis_04085108-220-170214 1.0.1 bayes_5min","5min",1.01209912249143,TRUE,NA
"nwis_04085108","nwis_04085108-221-170214 1.0.1 bayes_15min","15min",1.01946935546036,TRUE,NA
"nwis_04085108","Overall",NA,NA,NA,NA
"nwis_040851385","nwis_040851385-222-170214 1.0.1 bayes_5min","5min",1.34529802408105,FALSE,NA
"nwis_04087050","nwis_04087050-223-170214 1.0.1 bayes_5min","5min",1.0116747395041,TRUE,NA
"nwis_04087119","nwis_04087119-224-170214 1.0.1 bayes_5min","5min",1.0186792713199,TRUE,NA
"nwis_04087119","nwis_04087119-225-170214 1.0.1 bayes_15min","15min",1.01319896050937,TRUE,NA
"nwis_04087119","Overall",NA,NA,NA,NA
"nwis_040871488","nwis_040871488-226-170214 1.0.1 bayes_5min","5min",1.01070307636653,TRUE,NA
"nwis_040871488","nwis_040871488-227-170214 1.0.1 bayes_60min","60min",1.94135660089905,FALSE,NA
"nwis_040871488","Overall",NA,NA,NA,NA
"nwis_04095090","nwis_04095090-228-170214 1.0.1 bayes_15min","15min",1.74719097681931,FALSE,NA
"nwis_04101500","nwis_04101500-229-170214 1.0.1 bayes_15min","15min",1.16233122498444,TRUE,NA
"nwis_04108660","nwis_04108660-230-170214 1.0.1 bayes_15min","15min",1.86763416711765,FALSE,NA
"nwis_04119400","nwis_04119400-231-170214 1.0.1 bayes_12min","12min",1.07805911270683,TRUE,NA
"nwis_04121944","nwis_04121944-232-170214 1.0.1 bayes_15min","15min",1.0137949512572,TRUE,NA
"nwis_04121944","nwis_04121944-233-170214 1.0.1 bayes_60min","60min",5.53039833827879,FALSE,NA
"nwis_04121944","Overall",NA,NA,NA,NA
"nwis_04121970","nwis_04121970-234-170214 1.0.1 bayes_15min","15min",1.05867810222169,TRUE,NA
"nwis_04121970","nwis_04121970-235-170214 1.0.1 bayes_60min","60min",2.57049992054489,FALSE,NA
"nwis_04121970","Overall",NA,NA,NA,NA
"nwis_04124000","nwis_04124000-236-170214 1.0.1 bayes_15min","15min",1.47589169856995,FALSE,NA
"nwis_04124000","nwis_04124000-237-170214 1.0.1 bayes_60min","60min",1.79243985886597,FALSE,NA
"nwis_04124000","Overall",NA,NA,NA,NA
"nwis_04124200","nwis_04124200-238-170214 1.0.1 bayes_15min","15min",1.00720607801913,TRUE,NA
"nwis_04124200","nwis_04124200-239-170214 1.0.1 bayes_60min","60min",1.02430334893704,TRUE,NA
"nwis_04124200","Overall",NA,NA,NA,NA
"nwis_04125460","nwis_04125460-240-170214 1.0.1 bayes_15min","15min",1.01953787539509,TRUE,NA
"nwis_04125460","nwis_04125460-241-170214 1.0.1 bayes_60min","60min",1.06034459511816,TRUE,NA
"nwis_04125460","Overall",NA,NA,NA,NA
"nwis_04125550","nwis_04125550-242-170214 1.0.1 bayes_15min","15min",1.02312522324538,TRUE,NA
"nwis_04125550","nwis_04125550-243-170214 1.0.1 bayes_60min","60min",1.01761682909811,TRUE,NA
"nwis_04125550","Overall",NA,NA,NA,NA
"nwis_04136000","nwis_04136000-244-170214 1.0.1 bayes_60min","60min",2.80553340902863,FALSE,NA
"nwis_04136500","nwis_04136500-245-170214 1.0.1 bayes_60min","60min",1.04247657894942,TRUE,NA
"nwis_04136900","nwis_04136900-246-170214 1.0.1 bayes_15min","15min",1.01048993665884,TRUE,NA
"nwis_04136900","nwis_04136900-247-170214 1.0.1 bayes_60min","60min",2.24431953254153,FALSE,NA
"nwis_04136900","Overall",NA,NA,NA,NA
"nwis_04137005","nwis_04137005-248-170214 1.0.1 bayes_15min","15min",1.26864207145537,FALSE,NA
"nwis_04137005","nwis_04137005-249-170214 1.0.1 bayes_60min","60min",1.17091864697572,TRUE,NA
"nwis_04137005","Overall",NA,NA,NA,NA
"nwis_04137500","nwis_04137500-250-170214 1.0.1 bayes_15min","15min",1.01912534072114,TRUE,NA
"nwis_04137500","nwis_04137500-251-170214 1.0.1 bayes_60min","60min",1.02126719838568,TRUE,NA
"nwis_04137500","Overall",NA,NA,NA,NA
"nwis_04142000","nwis_04142000-252-170214 1.0.1 bayes_15min","15min",1.00059686689759,TRUE,NA
"nwis_041482663","nwis_041482663-253-170214 1.0.1 bayes_5min","5min",1.01345931927749,TRUE,NA
"nwis_041482663","nwis_041482663-254-170214 1.0.1 bayes_15min","15min",1.04549079384292,TRUE,NA
"nwis_041482663","Overall",NA,NA,NA,NA
"nwis_04157005","nwis_04157005-255-170214 1.0.1 bayes_12min","12min",2.32979608968658,FALSE,NA
"nwis_04157005","nwis_04157005-256-170214 1.0.1 bayes_15min","15min",1.12424688531663,TRUE,NA
"nwis_04157005","Overall",NA,NA,NA,NA
"nwis_04165500","nwis_04165500-257-170214 1.0.1 bayes_15min","15min",1.44170949271135,FALSE,NA
"nwis_04166500","nwis_04166500-258-170214 1.0.1 bayes_15min","15min",1.0224033829947,TRUE,NA
"nwis_04167150","nwis_04167150-259-170214 1.0.1 bayes_15min","15min",1.02341168932643,TRUE,NA
"nwis_04168400","nwis_04168400-260-170214 1.0.1 bayes_15min","15min",1.00852529773913,TRUE,NA
"nwis_04174500","nwis_04174500-261-170214 1.0.1 bayes_15min","15min",1.0489686688446,TRUE,NA
"nwis_04176500","nwis_04176500-262-170214 1.0.1 bayes_15min","15min",1.06063673883081,TRUE,NA
"nwis_04188496","nwis_04188496-263-170214 1.0.1 bayes_15min","15min",1.02093338527321,TRUE,NA
"nwis_04195500","nwis_04195500-264-170214 1.0.1 bayes_30min","30min",1.17558123040349,TRUE,NA
"nwis_04195500","nwis_04195500-265-170214 1.0.1 bayes_60min","60min",1.35738462957654,FALSE,NA
"nwis_04195500","Overall",NA,NA,NA,NA
"nwis_04199500","nwis_04199500-266-170214 1.0.1 bayes_30min","30min",1.00576559771709,TRUE,NA
"nwis_04200500","nwis_04200500-267-170214 1.0.1 bayes_30min","30min",1.03377790821612,TRUE,NA
"nwis_04208000","nwis_04208000-268-170214 1.0.1 bayes_30min","30min",1.01460295867459,TRUE,NA
"nwis_04213152","nwis_04213152-269-170214 1.0.1 bayes_15min","15min",1.02314047373758,TRUE,NA
"nwis_04213500","nwis_04213500-270-170214 1.0.1 bayes_15min","15min",1.01173506585491,TRUE,NA
"nwis_04231600","nwis_04231600-271-170214 1.0.1 bayes_15min","15min",2.19623829855118,FALSE,NA
"nwis_04249000","nwis_04249000-272-170214 1.0.1 bayes_15min","15min",1.95038360540954,FALSE,NA
"nwis_05054000","nwis_05054000-273-170214 1.0.1 bayes_15min","15min",1.01957976538038,TRUE,NA
"nwis_05054000","nwis_05054000-274-170214 1.0.1 bayes_30min","30min",1.31400945544828,FALSE,NA
"nwis_05054000","nwis_05054000-275-170214 1.0.1 bayes_60min","60min",1.46677432491096,FALSE,NA
"nwis_05054000","Overall",NA,NA,NA,NA
"nwis_05057000","nwis_05057000-276-170214 1.0.1 bayes_15min","15min",1.10459731682404,TRUE,NA
"nwis_05057200","nwis_05057200-277-170214 1.0.1 bayes_15min","15min",1.04240840731464,TRUE,NA
"nwis_05082500","nwis_05082500-278-170214 1.0.1 bayes_15min","15min",1.22087812985773,FALSE,NA
"nwis_05406457","nwis_05406457-279-170214 1.0.1 bayes_5min","5min",1.01579660522064,TRUE,NA
"nwis_05406469","nwis_05406469-280-170214 1.0.1 bayes_5min","5min",1.03076169153989,TRUE,NA
"nwis_05406479","nwis_05406479-281-170214 1.0.1 bayes_5min","5min",1.07345964790718,TRUE,NA
"nwis_05406500","nwis_05406500-282-170214 1.0.1 bayes_5min","5min",1.01130081223738,TRUE,NA
"nwis_05418400","nwis_05418400-283-170214 1.0.1 bayes_15min","15min",NA,NA,NA
"nwis_05420500","nwis_05420500-284-170214 1.0.1 bayes_15min","15min",NA,NA,NA
"nwis_05435943","nwis_05435943-285-170214 1.0.1 bayes_15min","15min",1.02336848156272,TRUE,NA
"nwis_05435950","nwis_05435950-286-170214 1.0.1 bayes_15min","15min",1.07441037677044,TRUE,NA
"nwis_05446500","nwis_05446500-287-170214 1.0.1 bayes_15min","15min",2.22035831744455,FALSE,NA
"nwis_05447500","nwis_05447500-288-170214 1.0.1 bayes_15min","15min",1.00376839290687,TRUE,NA
"nwis_05451080","nwis_05451080-289-170214 1.0.1 bayes_30min","30min",1.0055128899547,TRUE,NA
"nwis_05451210","nwis_05451210-290-170214 1.0.1 bayes_15min","15min",1.00579377875962,TRUE,NA
"nwis_05451210","nwis_05451210-291-170214 1.0.1 bayes_30min","30min",1.0078622342783,TRUE,NA
"nwis_05451210","Overall",NA,NA,NA,NA
"nwis_05515500","nwis_05515500-292-170214 1.0.1 bayes_15min","15min",1.86913558194235,FALSE,NA
"nwis_05518000","nwis_05518000-293-170214 1.0.1 bayes_15min","15min",1.38302333489361,FALSE,NA
"nwis_05524500","nwis_05524500-294-170214 1.0.1 bayes_15min","15min",1.02654041331826,TRUE,NA
"nwis_05579630","nwis_05579630-295-170214 1.0.1 bayes_5min","5min",1.00501026557076,TRUE,NA
"nwis_05579630","nwis_05579630-296-170214 1.0.1 bayes_15min","15min",1.02249124532159,TRUE,NA
"nwis_05579630","Overall",NA,NA,NA,NA
"nwis_05595000","nwis_05595000-297-170214 1.0.1 bayes_15min","15min",2.50119855496957,FALSE,NA
"nwis_05599490","nwis_05599490-298-170214 1.0.1 bayes_15min","15min",1.95002213592753,FALSE,NA
"nwis_06336000","nwis_06336000-299-170214 1.0.1 bayes_15min","15min",1.0270559528409,TRUE,NA
"nwis_06436760","nwis_06436760-300-170214 1.0.1 bayes_15min","15min",1.02767595954297,TRUE,NA
"nwis_06461500","nwis_06461500-301-170214 1.0.1 bayes_15min","15min",1.84165221419278,FALSE,NA
"nwis_06465500","nwis_06465500-302-170214 1.0.1 bayes_15min","15min",3.08169670102733,FALSE,NA
"nwis_06478522","nwis_06478522-303-170214 1.0.1 bayes_15min","15min",1.0587050404295,TRUE,NA
"nwis_06670500","nwis_06670500-304-170214 1.0.1 bayes_15min","15min",1.00539864182372,TRUE,NA
"nwis_06711565","nwis_06711565-305-170214 1.0.1 bayes_15min","15min",1.01850403451458,TRUE,NA
"nwis_06711565","nwis_06711565-306-170214 1.0.1 bayes_30min","30min",1.1511783234048,TRUE,NA
"nwis_06711565","Overall",NA,NA,NA,NA
"nwis_06795500","nwis_06795500-307-170214 1.0.1 bayes_15min","15min",1.02353788344562,TRUE,NA
"nwis_06800500","nwis_06800500-308-170214 1.0.1 bayes_15min","15min",1.62207250915936,FALSE,NA
"nwis_06805500","nwis_06805500-309-170214 1.0.1 bayes_15min","15min",2.09517616372817,FALSE,NA
"nwis_06818000","nwis_06818000-310-170214 1.0.1 bayes_15min","15min",1.01622900132153,TRUE,NA
"nwis_06892513","nwis_06892513-311-170214 1.0.1 bayes_15min","15min",1.04146147100223,TRUE,NA
"nwis_06893300","nwis_06893300-312-170214 1.0.1 bayes_15min","15min",1.00522993831968,TRUE,NA
"nwis_06893350","nwis_06893350-313-170214 1.0.1 bayes_15min","15min",1.00522066174459,TRUE,NA
"nwis_06893620","nwis_06893620-314-170214 1.0.1 bayes_15min","15min",1.02535518059071,TRUE,NA
"nwis_06893820","nwis_06893820-315-170214 1.0.1 bayes_15min","15min",1.02470996078086,TRUE,NA
"nwis_06893890","nwis_06893890-316-170214 1.0.1 bayes_15min","15min",1.02427588817074,TRUE,NA
"nwis_06893970","nwis_06893970-317-170214 1.0.1 bayes_15min","15min",1.01018437073867,TRUE,NA
"nwis_06894000","nwis_06894000-318-170214 1.0.1 bayes_15min","15min",1.01269550203697,TRUE,NA
"nwis_06934500","nwis_06934500-319-170214 1.0.1 bayes_15min","15min",2.28741687366141,FALSE,NA
"nwis_07048600","nwis_07048600-320-170214 1.0.1 bayes_15min","15min",1.09266383937677,TRUE,NA
"nwis_07061270","nwis_07061270-321-170214 1.0.1 bayes_15min","15min",1.02557070423908,TRUE,NA
"nwis_07061290","nwis_07061290-322-170214 1.0.1 bayes_15min","15min",1.01507396560721,TRUE,NA
"nwis_07075250","nwis_07075250-323-170214 1.0.1 bayes_15min","15min",1.05529418165482,TRUE,NA
"nwis_07075270","nwis_07075270-324-170214 1.0.1 bayes_15min","15min",1.02248759337568,TRUE,NA
"nwis_07106000","nwis_07106000-325-170214 1.0.1 bayes_15min","15min",1.00318837469136,TRUE,NA
"nwis_07106000","nwis_07106000-326-170214 1.0.1 bayes_30min","30min",1.78032053422537,FALSE,NA
"nwis_07106000","Overall",NA,NA,NA,NA
"nwis_07109500","nwis_07109500-327-170214 1.0.1 bayes_15min","15min",1.00922729946421,TRUE,NA
"nwis_07109500","nwis_07109500-328-170214 1.0.1 bayes_30min","30min",2.50498484000556,FALSE,NA
"nwis_07109500","Overall",NA,NA,NA,NA
"nwis_07143672","nwis_07143672-329-170214 1.0.1 bayes_60min","60min",1.01765642082623,TRUE,NA
"nwis_07144100","nwis_07144100-330-170214 1.0.1 bayes_30min","30min",1.07038857672449,TRUE,NA
"nwis_07144100","nwis_07144100-331-170214 1.0.1 bayes_60min","60min",1.08187845539325,TRUE,NA
"nwis_07144100","Overall",NA,NA,NA,NA
"nwis_07164500","nwis_07164500-332-170214 1.0.1 bayes_30min","30min",1.89417624137062,FALSE,NA
"nwis_07177500","nwis_07177500-333-170214 1.0.1 bayes_30min","30min",1.12135108595417,TRUE,NA
"nwis_07178200","nwis_07178200-334-170214 1.0.1 bayes_60min","60min",1.05902394477491,TRUE,NA
"nwis_071912213","nwis_071912213-335-170214 1.0.1 bayes_30min","30min",1.19044161501042,TRUE,NA
"nwis_07191222","nwis_07191222-336-170214 1.0.1 bayes_30min","30min",NA,NA,NA
"nwis_07198000","nwis_07198000-337-170214 1.0.1 bayes_30min","30min",1.89927778199215,FALSE,NA
"nwis_07198000","nwis_07198000-338-170214 1.0.1 bayes_60min","60min",1.06824934748161,TRUE,NA
"nwis_07198000","Overall",NA,NA,NA,NA
"nwis_07239450","nwis_07239450-339-170214 1.0.1 bayes_30min","30min",1.02119531541234,TRUE,NA
"nwis_07241000","nwis_07241000-340-170214 1.0.1 bayes_30min","30min",1.06640408562534,TRUE,NA
"nwis_07241520","nwis_07241520-341-170214 1.0.1 bayes_30min","30min",1.41226367753087,FALSE,NA
"nwis_07241550","nwis_07241550-342-170214 1.0.1 bayes_30min","30min",NA,NA,NA
"nwis_07263296","nwis_07263296-343-170214 1.0.1 bayes_15min","15min",1.04492229350931,TRUE,NA
"nwis_072632966","nwis_072632966-344-170214 1.0.1 bayes_15min","15min",1.47643958283903,FALSE,NA
"nwis_07332620","nwis_07332620-345-170214 1.0.1 bayes_15min","15min",1.00683247240013,TRUE,NA
"nwis_07332622","nwis_07332622-346-170214 1.0.1 bayes_15min","15min",1.02470077956889,TRUE,NA
"nwis_07374000","nwis_07374000-347-170214 1.0.1 bayes_60min","60min",1.73557582798788,FALSE,NA
"nwis_07381600","nwis_07381600-348-170214 1.0.1 bayes_60min","60min",2.83989345252557,FALSE,NA
"nwis_08048000","nwis_08048000-349-170214 1.0.1 bayes_15min","15min",1.9096084390903,FALSE,NA
"nwis_08049500","nwis_08049500-350-170214 1.0.1 bayes_15min","15min",1.04977545431624,TRUE,NA
"nwis_08052700","nwis_08052700-351-170214 1.0.1 bayes_15min","15min",1.01507235517957,TRUE,NA
"nwis_08052745","nwis_08052745-352-170214 1.0.1 bayes_15min","15min",1.39000344277824,FALSE,NA
"nwis_08057000","nwis_08057000-353-170214 1.0.1 bayes_15min","15min",2.67737169689812,FALSE,NA
"nwis_08057410","nwis_08057410-354-170214 1.0.1 bayes_15min","15min",1.08627661236275,TRUE,NA
"nwis_08062500","nwis_08062500-355-170214 1.0.1 bayes_15min","15min",1.02835293916294,TRUE,NA
"nwis_08065350","nwis_08065350-356-170214 1.0.1 bayes_15min","15min",1.02656755280541,TRUE,NA
"nwis_08068000","nwis_08068000-357-170214 1.0.1 bayes_15min","15min",1.05055388310732,TRUE,NA
"nwis_08068500","nwis_08068500-358-170214 1.0.1 bayes_15min","15min",1.04019705371844,TRUE,NA
"nwis_08070200","nwis_08070200-359-170214 1.0.1 bayes_15min","15min",NA,NA,NA
"nwis_08155500","nwis_08155500-360-170214 1.0.1 bayes_15min","15min",NA,NA,NA
"nwis_08171290","nwis_08171290-361-170214 1.0.1 bayes_15min","15min",1.01391893127806,TRUE,NA
"nwis_08180700","nwis_08180700-362-170214 1.0.1 bayes_15min","15min",1.02004749782742,TRUE,NA
"nwis_08181500","nwis_08181500-363-170214 1.0.1 bayes_15min","15min",1.08320015189266,TRUE,NA
"nwis_08181800","nwis_08181800-364-170214 1.0.1 bayes_15min","15min",1.13778628281696,TRUE,NA
"nwis_08188060","nwis_08188060-365-170214 1.0.1 bayes_15min","15min",1.02099951726295,TRUE,NA
"nwis_08211200","nwis_08211200-366-170214 1.0.1 bayes_15min","15min",1.00563208516874,TRUE,NA
"nwis_08317400","nwis_08317400-367-170214 1.0.1 bayes_30min","30min",2.12590704862432,FALSE,NA
"nwis_08317400","nwis_08317400-368-170214 1.0.1 bayes_60min","60min",2.1975147712676,FALSE,NA
"nwis_08317400","Overall",NA,NA,NA,NA
"nwis_08374550","nwis_08374550-369-170214 1.0.1 bayes_15min","15min",1.00759760937633,TRUE,NA
"nwis_08375300","nwis_08375300-370-170214 1.0.1 bayes_15min","15min",1.88384928122558,FALSE,NA
"nwis_08412500","nwis_08412500-371-170214 1.0.1 bayes_15min","15min",1.00346847646453,TRUE,NA
"nwis_08437710","nwis_08437710-372-170214 1.0.1 bayes_15min","15min",2.01321429817867,FALSE,NA
"nwis_08446500","nwis_08446500-373-170214 1.0.1 bayes_15min","15min",2.32372176326431,FALSE,NA
"nwis_08447000","nwis_08447000-374-170214 1.0.1 bayes_15min","15min",1.58904064028562,FALSE,NA
"nwis_08447300","nwis_08447300-375-170214 1.0.1 bayes_15min","15min",1.01727850411328,TRUE,NA
"nwis_09041400","nwis_09041400-376-170214 1.0.1 bayes_15min","15min",1.03724266153184,TRUE,NA
"nwis_09041400","nwis_09041400-377-170214 1.0.1 bayes_30min","30min",1.37874385964126,FALSE,NA
"nwis_09041400","Overall",NA,NA,NA,NA
"nwis_09326500","nwis_09326500-378-170214 1.0.1 bayes_15min","15min",1.01905363503077,TRUE,NA
"nwis_09327000","nwis_09327000-379-170214 1.0.1 bayes_15min","15min",1.1229179669275,TRUE,NA
"nwis_09406000","nwis_09406000-380-170214 1.0.1 bayes_15min","15min",1.01105116493918,TRUE,NA
"nwis_10129900","nwis_10129900-381-170214 1.0.1 bayes_15min","15min",2.19844206114817,FALSE,NA
"nwis_10129900","nwis_10129900-382-170214 1.0.1 bayes_60min","60min",1.96145114589812,FALSE,NA
"nwis_10129900","Overall",NA,NA,NA,NA
"nwis_10133650","nwis_10133650-383-170214 1.0.1 bayes_15min","15min",2.27768444613454,FALSE,NA
"nwis_10133800","nwis_10133800-384-170214 1.0.1 bayes_15min","15min",1.13853856319739,TRUE,NA
"nwis_10133800","nwis_10133800-385-170214 1.0.1 bayes_60min","60min",2.17533262950511,FALSE,NA
"nwis_10133800","Overall",NA,NA,NA,NA
"nwis_10133980","nwis_10133980-386-170214 1.0.1 bayes_15min","15min",1.04636286312631,TRUE,NA
"nwis_10133980","nwis_10133980-387-170214 1.0.1 bayes_60min","60min",2.32689923812324,FALSE,NA
"nwis_10133980","Overall",NA,NA,NA,NA
"nwis_11044000","nwis_11044000-388-170214 1.0.1 bayes_15min","15min",1.01421024293643,TRUE,NA
"nwis_11044000","nwis_11044000-389-170214 1.0.1 bayes_60min","60min",7.23335659985969,FALSE,NA
"nwis_11044000","Overall",NA,NA,NA,NA
"nwis_11126000","nwis_11126000-390-170214 1.0.1 bayes_15min","15min",2.19543815974408,FALSE,NA
"nwis_11128500","nwis_11128500-391-170214 1.0.1 bayes_15min","15min",1.00901178381065,TRUE,NA
"nwis_11273400","nwis_11273400-392-170214 1.0.1 bayes_15min","15min",1.01274999081377,TRUE,NA
"nwis_11285500","nwis_11285500-393-170214 1.0.1 bayes_15min","15min",1.01335811050413,TRUE,NA
"nwis_11447650","nwis_11447650-394-170214 1.0.1 bayes_15min","15min",2.06015678233523,FALSE,NA
"nwis_11447830","nwis_11447830-395-170214 1.0.1 bayes_15min","15min",1.6887691446122,FALSE,NA
"nwis_11447850","nwis_11447850-396-170214 1.0.1 bayes_15min","15min",1.20139633204712,FALSE,NA
"nwis_11447890","nwis_11447890-397-170214 1.0.1 bayes_15min","15min",2.32915081151335,FALSE,NA
"nwis_11455165","nwis_11455165-398-170214 1.0.1 bayes_15min","15min",1.56258599586589,FALSE,NA
"nwis_11462500","nwis_11462500-399-170214 1.0.1 bayes_15min","15min",1.00277541182932,TRUE,NA
"nwis_11463000","nwis_11463000-400-170214 1.0.1 bayes_15min","15min",1.01976854117536,TRUE,NA
"nwis_11463682","nwis_11463682-401-170214 1.0.1 bayes_15min","15min",1.00930231749574,TRUE,NA
"nwis_11463980","nwis_11463980-402-170214 1.0.1 bayes_15min","15min",1.02188297814883,TRUE,NA
"nwis_11465240","nwis_11465240-403-170214 1.0.1 bayes_15min","15min",1.0053346777644,TRUE,NA
"nwis_11467000","nwis_11467000-404-170214 1.0.1 bayes_15min","15min",1.00990165163319,TRUE,NA
"nwis_12100490","nwis_12100490-405-170214 1.0.1 bayes_15min","15min",1.01631609623625,TRUE,NA
"nwis_12101100","nwis_12101100-406-170214 1.0.1 bayes_15min","15min",1.09047095937294,TRUE,NA
"nwis_12102075","nwis_12102075-407-170214 1.0.1 bayes_15min","15min",1.01141773913899,TRUE,NA
"nwis_13013650","nwis_13013650-408-170214 1.0.1 bayes_15min","15min",1.02675007947592,TRUE,NA
"nwis_13013650","nwis_13013650-409-170214 1.0.1 bayes_60min","60min",1.3072075011622,FALSE,NA
"nwis_13013650","Overall",NA,NA,NA,NA
"nwis_13173600","nwis_13173600-410-170214 1.0.1 bayes_15min","15min",2.16145102877767,FALSE,NA
"nwis_13206400","nwis_13206400-411-170214 1.0.1 bayes_15min","15min",1.02353054950695,TRUE,NA
"nwis_13207500","nwis_13207500-412-170214 1.0.1 bayes_15min","15min",1.01912984258831,TRUE,NA
"nwis_13213000","nwis_13213000-413-170214 1.0.1 bayes_15min","15min",1.01021956868842,TRUE,NA
"nwis_13213100","nwis_13213100-414-170214 1.0.1 bayes_15min","15min",1.40835233138388,FALSE,NA
"nwis_14151000","nwis_14151000-415-170214 1.0.1 bayes_15min","15min",1.01687974148618,TRUE,NA
"nwis_14162500","nwis_14162500-416-170214 1.0.1 bayes_60min","60min",78.0997276951415,FALSE,NA
"nwis_14182500","nwis_14182500-417-170214 1.0.1 bayes_15min","15min",1.01944846234524,TRUE,NA
"nwis_14182500","nwis_14182500-418-170214 1.0.1 bayes_30min","30min",9.78082220217203,FALSE,NA
"nwis_14182500","Overall",NA,NA,NA,NA
"nwis_14202650","nwis_14202650-419-170214 1.0.1 bayes_15min","15min",5.71386931619594,FALSE,NA
"nwis_14206950","nwis_14206950-420-170214 1.0.1 bayes_30min","30min",2.20687264712954,FALSE,NA
"nwis_14206950","nwis_14206950-421-170214 1.0.1 bayes_60min","60min",4.72862992246601,FALSE,NA
"nwis_14206950","Overall",NA,NA,NA,NA
"nwis_14210000","nwis_14210000-422-170214 1.0.1 bayes_30min","30min",1.03502124120776,TRUE,NA
"nwis_14211010","nwis_14211010-423-170214 1.0.1 bayes_15min","15min",1.03170304925531,TRUE,NA
"nwis_14211010","nwis_14211010-424-170214 1.0.1 bayes_30min","30min",1.05224278277883,TRUE,NA
"nwis_14211010","Overall",NA,NA,NA,NA
"nwis_14211720","nwis_14211720-425-170214 1.0.1 bayes_30min","30min",1.52959647750229,FALSE,NA
"nwis_14301500","nwis_14301500-426-170214 1.0.1 bayes_15min","15min",1.41887203660501,FALSE,NA
"nwis_14302480","nwis_14302480-427-170214 1.0.1 bayes_15min","15min",1.01656102032787,TRUE,NA
"nwis_14302480","nwis_14302480-428-170214 1.0.1 bayes_30min","30min",1.33529423119735,FALSE,NA
"nwis_14302480","Overall",NA,NA,NA,NA
"nwis_15298040","nwis_15298040-429-170214 1.0.1 bayes_15min","15min",1.51475438374414,FALSE,NA
"nwis_385446094430700","nwis_385446094430700-430-170214 1.0.1 bayes_15min","15min",1.01991327737379,TRUE,NA
"nwis_385520094420000","nwis_385520094420000-431-170214 1.0.1 bayes_15min","15min",1.03226969510428,TRUE,NA
"nwis_385608094380300","nwis_385608094380300-432-170214 1.0.1 bayes_15min","15min",1.01335092903893,TRUE,NA
"nwis_411955088280601","nwis_411955088280601-433-170214 1.0.1 bayes_15min","15min",4.58444109319291,FALSE,NA
