"site_no","COMID","COMID_CONFIDENCE","BFI_AC","BFI_RE","Contact_RE","Contact_AC","IEOF_RE","IEOF_AC","Rechg_RE","Rechg_AC","RF30yr_RE","RF30yr_AC","RUNOFF_RE","RUNOFF_AC","SATOF_RE","SATOF_AC"
"nwis_01021050",5197168,"MOST_SURE",57.9149,58,0,986.606,1.7816,1.7768,410,389.73,898.008,804.1128,658,659.4753,7,6.4509
"nwis_01036390",1736862,"MOST_SURE",50.6853,46.0807,222.587,343.5618,4,1.8599,326.137,334.1761,854.183,788.0886,701,725.0051,3,3.7521
"nwis_01073389",5848650,"MAYBE2",46.087,46.1877,40.1431,31.4806,1,1,234.641,233.7985,1077.1801,1077.0834,613,613,3,3
"nwis_01193050",7701224,"MOST_SURE",47.8453,51.1606,11.9519,70.152,1.7616,1.6638,324.233,290.8697,1514.63,1066.9738,679,647.2908,3.0095,2.7357
"nwis_01194750",7702872,"MAYBE2",47.9254,48,23,69.0702,0,1.6729,356.559,292.268,1616.86,1080.639,679.017,648.2574,3.9425,2.7702
"nwis_01304057",9509806,"MAYBE2",77.6484,77.6484,0,0,3.2814,3.2814,457.283,457.283,1661.4301,1661.4301,386,386,5,5
"nwis_01304200",0,"NO_COMID",NA,NA,NA,NA,NA,NA,NA,NA,NA,NA,NA,NA,NA,NA
"nwis_01304562",9496582,"MAYBE2",81.8233,76.8461,29.2828,42.1357,0,0,465.362,486.5052,1643.33,1674.7256,228,228.8188,4,4.383
"nwis_01310740",0,"NO_COMID",NA,NA,NA,NA,NA,NA,NA,NA,NA,NA,NA,NA,NA,NA
"nwis_01311143",0,"NO_COMID",NA,NA,NA,NA,NA,NA,NA,NA,NA,NA,NA,NA,NA,NA
"nwis_01374019",6216172,"MAYBE2",46.7486,46.9921,23.9605,211.0504,2,2.749,272.808,282.1176,1410.13,1080.0033,550,619.2532,3,2.5073
"nwis_01382210",6246352,"MAYBE2",45.3209,47.1489,119,99.3924,1,1.0084,284.719,261.7725,1728.54,1695.1602,479,485.4566,3,3
"nwis_01388000",6250614,"MOST_SURE",44.8054,43.1672,61,73.3233,0,1.9012,278.084,280.7193,1591.14,1626.2157,479,473.5525,4,3.0674
"nwis_01389005",6251122,"MOST_SURE",43.8472,46,82,157.5217,0.5586,1.9459,291.497,273.5132,1650,1643.7372,479,478.8174,4,3.3508
"nwis_01400500",9513852,"MOST_SURE",42.9107,32.754,595,158.4732,3.0794,2.9932,174.771,250.6167,1616.98,1640.2992,555,555.743,3,3.2071
"nwis_01408167",0,"NO_COMID",NA,NA,NA,NA,NA,NA,NA,NA,NA,NA,NA,NA,NA,NA
"nwis_01408500",9453743,"MOST_SURE",61.0687,64.7047,149.401,80.6079,0.9066,0.2925,327.731,316.2987,1690.8199,1673.7884,595,594.2342,4,3.3711
"nwis_01433500",4150156,"MOST_SURE",46.6999,41,89,259.5826,3,3.4685,271,304.5525,1323,1303.4299,637,635.8672,1,2.2097
"nwis_01454700",4188251,"MOST_SURE",55.048,55.3997,44.0447,196.6963,1.8043,3.6688,283.833,352.3175,1545.7,1511.3128,726.288,728.1555,2.9505,3.1345
"nwis_01458500",2588507,"MOST_SURE",48.2128,41.624,408.035,146.2765,7.8738,3.4352,222.676,307.6957,1616.21,1326.5082,614,605.7095,3.0315,2.6433
"nwis_01460200",932040295,"MOST_SURE",48.0444,31.5401,360.694,165.4334,6.9532,3.5099,169.193,305.4862,1620.62,1333.9223,613.429,605.8197,3.0077,2.6609
"nwis_01463500",2590277,"MOST_SURE",47.6279,37.8164,156.274,168.7996,1.0078,3.5455,203.461,301.9239,1664.99,1342.5553,612.191,605.9815,2.0498,2.672
"nwis_01465798",4488242,"MOST_SURE",33.3581,32.6912,271.27,449.0997,2,4.3876,178.144,181.7012,1682.8101,1679.2555,559,560.0299,4,3.5272
"nwis_014670261",4488286,"MAYBE2",47.574,33.94,88.91,185.5128,1.6103,3.3646,185.041,296.001,1681.71,1386.0176,559,601.5266,4,2.8435
"nwis_01467029",4488292,"MAYBE2",47.56,34.9938,74,185.4175,0.0653,3.3606,190.229,295.8806,1681.08,1386.3793,559,601.4755,4,2.8448
"nwis_01467042",4489170,"MOST_SURE",36.4162,38.9843,521,471.2632,5,5,211.922,198.8783,1677,1663.0866,559,558.6855,3,3.9492
"nwis_01467048",4489178,"MOST_SURE",36.3386,36.0515,417.749,465.6637,4.8633,4.9801,195.743,198.2463,1678.0699,1666.5162,559,558.7614,3.0472,3.7917
"nwis_01467086",4489180,"MOST_SURE",38.106,38.1323,507.159,517.4541,5,5,206.795,207.466,1670.0699,1661.4775,559,558.8455,3,3.06
"nwis_01467087",4489096,"MOST_SURE",38.281,38.5257,838.116,656.9464,4.8218,4.9228,208.576,207.8871,1668.99,1664.9268,558.364,558.6387,3.0664,3.0618
"nwis_01467200",4495952,"MOST_SURE",47.309,41.7166,1803.01,197.3088,2.3303,3.351,222.646,293.4697,1679.88,1394.4708,558.448,600.3005,3.9062,2.8713
"nwis_01472104",4782471,"MOST_SURE",52.1993,47.7465,181.131,264.895,3,2.4072,267.541,313.8484,1582.4301,1554.7319,552,552.5673,2.999,3
"nwis_01473500",4782501,"MOST_SURE",50.9059,48.6535,614.845,319.9866,3.3925,2.9975,269.768,298.9364,1630.8199,1567.3,552,552.6251,2.0024,2.9475
"nwis_01473900",4781731,"MOST_SURE",40.8035,39,284,637.9354,5.018,5.6301,214,225.2751,1648.5699,1647.8185,552,552.7106,3.982,3.5268
"nwis_01474000",4782187,"MOST_SURE",41.3262,41.949,521,538.6397,5,5.5277,227.651,227.3688,1655.7,1647.8124,552,552.5242,3,3.326
"nwis_01474500",4784831,"MOST_SURE",50.463,43.4362,674.558,328.409,5,3.1205,233.242,295.2155,1671.45,1572.4975,552.153,552.6049,3.4365,2.9431
"nwis_01475530",4495656,"MOST_SURE",50.2381,49.8326,255.198,256.804,1.8807,2.2809,268.717,271.1265,1652.88,1651.5156,558.655,558.708,2.7729,2.6548
"nwis_01475548",4495680,"MAYBE2",48.635,48.0679,333.175,296.2014,1.162,2.3943,256.85,261.0945,1661.51,1657.2527,558.674,558.737,3.0458,2.8849
"nwis_01477050",4496300,"MAYBE2",48.0932,52.4656,99,248.4105,2.1975,3.2964,273.4,293.2031,1666,1437.5034,559,589.8914,3,2.9084
"nwis_01480065",4652176,"MAYBE2",53.4505,50.8735,610.96,680.6713,3,4.4582,258.367,269.15,1655.92,1622.4047,538,537.3446,3.1703,3.3927
"nwis_01480617",4650580,"MOST_SURE",53.0811,56,209,562.083,4,4.512,288,269.3018,1565.8199,1547.136,538,536.2729,3,2.6812
"nwis_01480870",4650548,"MOST_SURE",53.1927,55.1468,605,341.7309,4,4.0458,293.132,282.208,1590.8,1568.217,538,538.0414,3,2.5295
"nwis_01481000",4652046,"MOST_SURE",54.3044,55.9527,280.695,402.0741,4,4.2063,293.809,283.1267,1616,1572.1958,538,537.3901,2,2.6514
"nwis_01481500",4655440,"MOST_SURE",54.2474,52.526,272,403.1915,5.0223,4.2826,269.592,282.7885,1658,1578.3091,538,537.4756,2.9926,2.6127
"nwis_01482800",24903566,"MOST_SURE",48.5272,50.9024,191,269.1963,0.8586,3.3148,249.166,291.3536,1690.38,1454.4698,537.873,584.8968,4.9786,2.9657
"nwis_01483177",4653694,"MAYBE2",51.4722,53.8427,278,789.8783,3,3,257.82,237.5857,1696,1689.5058,538,537.179,4.8132,4.8517
"nwis_01484080",8074904,"MAYBE2",58.8679,60,248,332.3976,0.4358,0.2884,284.596,268.8191,1770,1765.7865,434,434.0492,4.134,4.8706
"nwis_01484085",8075804,"MAYBE2",59.1215,60.9992,0,322.5201,0.4358,0.2714,296.768,272.5002,1765.67,1766.484,445.462,434.1337,4.9724,4.8225
"nwis_01484525",8407597,"MAYBE2",65.1076,69.4217,203,242.8025,0,0.0749,340.301,309.6697,1798.84,1803.6934,456,452.9583,3,3.7853
"nwis_01484680",8409355,"MAYBE2",64,64,0,0,0.9599,0.9599,340.868,340.868,1676,1676,456,456,4,4
"nwis_01487150",8391556,"MAYBE2",61.3868,61.666,212.445,230.8797,0,0,259.338,257.7735,1801.5601,1798.4927,435,435,4.3068,4.1541
"nwis_01493112",4765418,"MOST_SURE",50.6491,50.6491,691.62,691.62,2.6319,2.6319,205.672,205.672,1674.2,1674.2,491,491,5,5
"nwis_01540500",2604977,"MOST_SURE",41.8602,44.5996,40.9652,114.3426,2,3.1816,245.012,207.8093,1226.96,913.1351,572,502.6572,4,2.2945
"nwis_01542500",4672391,"MOST_SURE",45.5914,47,8.2388,60.8795,1,1.8514,279,273.7232,1005.26,1084.7244,626,625.4098,2,2.488
"nwis_01544500",8134650,"MOST_SURE",39.7283,40.9991,6.1484,15.7318,0,1.4243,231.549,213.8401,975.781,946.1284,590,589.3837,2,1.9154
"nwis_01548303",8143294,"MOST_SURE",35,35,58.3245,49.8606,3.2694,3.8433,143.109,140.4871,785.123,795.423,550,537.8734,2,2
"nwis_01549700",8145248,"MOST_SURE",39.0605,42.8153,13.7605,52.0581,1.674,2.3698,242.125,196.0719,1036.86,873.5321,550.904,549.0642,2,1.7071
"nwis_01567000",4699925,"MOST_SURE",45.6885,48.8596,70.149,52.2776,1,1.0736,249.515,218.0098,1269.71,1108.2429,452,469.1269,2.3763,2.2038
"nwis_01570500",4710000,"MAYBE2",43.6708,54.0147,365.235,108.3124,2.3145,2.3808,264.249,224.7381,1357.86,1013.9579,542,532.4264,2,2.2802
"nwis_01579550",4731587,"MAYBE2",45.0038,57.1103,0,135.0544,4,2.4681,239.131,228.443,1567.4301,1061.8187,463,526.9582,3,2.3038
"nwis_01608500",8420360,"MOST_SURE",39.8792,35.2784,49.3522,16.9089,3.9468,2.1764,137.465,172.1523,1029.4,1030.441,353.874,355.4382,2,2.239
"nwis_01611500",8431736,"MOST_SURE",39.1162,36.945,5,24.8739,0,1.4012,129.835,131.4743,1070,1079.6822,349,349.1493,2,1.9004
"nwis_01632900",8441303,"MOST_SURE",45.2475,45.9044,119.33,171.7731,4.6297,4.7706,138.035,136.97,1125.28,1095.2082,317.659,320.7011,1.516,1.7808
"nwis_01645704",4509120,"MOST_SURE",26.0652,26.7561,147.124,107.6733,3,3.0134,103.025,99.4407,1493,1487.0461,404,404.5363,4,4
"nwis_01645762",4509040,"MOST_SURE",26.5373,26.3399,101,101.0193,3,3,101.36,101.7643,1483.5,1481.6367,404,404.1422,4,4.0228
"nwis_01646000",4509202,"MOST_SURE",31.025,42.0159,91,112.115,3.576,3.3065,162.507,119.3158,1487,1483.6025,404,404.1528,4,3.9957
"nwis_01646305",4508904,"MOST_SURE",36.1681,36.1681,97.7542,97.7542,3.084,3.084,139.734,139.734,1505.5601,1505.5601,404.28,404.28,4,4
"nwis_01646500",4512772,"MOST_SURE",43.8232,38.7349,122.445,207.2048,3.4975,2.6447,150.889,168.2259,1517.35,1169.5108,404.256,400.5095,3.7512,2.4401
"nwis_01648010",22338431,"MOST_SURE",48.0739,42.3293,59.2814,162.1449,3.4665,4.8261,166.583,189.4094,1546.35,1483.7742,409,408.6607,3.7668,3.5018
"nwis_01649190",22336379,"MOST_SURE",49.0673,46.4976,205.614,255.6669,3.7013,4.1844,185.6,196.1492,1513.89,1496.3188,409,408.8442,3.6493,3.7265
"nwis_01649500",22337975,"MOST_SURE",47.0693,40.6724,171,239.4047,5,3.861,160.991,188.419,1584.01,1546.9862,409,408.3927,3,3.6372
"nwis_01650800",22338427,"MOST_SURE",45.0647,43.9523,87.1582,135.2345,3.224,4.5109,173.822,178.373,1549.22,1526.6871,409,409,3.888,3.2446
"nwis_0165389205",22338713,"MAYBE2",26.7383,27,115.486,117.2546,4,3.9818,104,102.327,1508,1497.8764,409,408.9579,4,4
"nwis_01654000",22340331,"MOST_SURE",28.3135,29.3384,121.581,131.4927,3.4612,3.7597,111.968,108.3051,1535.4399,1516.1447,409,408.9419,3,3.6834
"nwis_01654500",22340329,"MOST_SURE",27.2773,27.608,88.6737,87.0799,3,3.2068,105.429,104.108,1531.91,1526.5254,409,409,3,3.2068
"nwis_01656903",22338645,"MOST_SURE",26.9989,26.9959,162.301,165.3297,3,3,102.984,103.0012,1467.83,1468.1369,409,408.7103,5,4.9714
"nwis_0166818623",8476452,"MAYBE2",44.2659,44.98,49.3896,77.3308,0,0,158.94,156.347,1756,1752.1517,377,375.9647,3,3.393
"nwis_0166818985",8476832,"MAYBE2",44.7096,45.0091,65.5381,68.3441,0,0,159.036,157.7566,1758.92,1758.334,377,376.1696,3.0358,3.2872
"nwis_01673000",8506380,"MOST_SURE",43.1626,45.2572,3245.1899,1087.2684,1,2.7815,159.029,147.8821,1854,1686.1009,358,358.8608,3.8422,4.1923
"nwis_02035000",8575903,"MOST_SURE",46.7896,45,714.622,257.1751,3.4496,2.2206,153.075,181.9281,1785.3199,1441.7244,380,450.5371,3.0492,2.7344
"nwis_02042222",10067525,"MAYBE2",46.2291,47.3506,2567.48,640.1675,9,2.799,167.334,172.5652,1999.7,1572.7162,680,438.9108,3,3.1502
"nwis_02079500",12049360,"MOST_SURE",47.7114,34,0,266.1882,7.0752,5.3689,98,161.9476,2107,1818.2756,323.255,372.2779,3.3509,3.3637
"nwis_0208062765",10451300,"MAYBE2",46.9598,37,437,285.4827,2,5.4282,131,158.3402,2234,1843.2704,359,368.4897,4,3.3965
"nwis_02081022",10451504,"MOST_SURE",46.5236,33,3221,411.6428,5,5.3418,123,157.2015,2364,1860.2977,359,368.0952,3,3.4416
"nwis_02081094",10452322,"MOST_SURE",45.9096,32.0712,1144.45,506.6077,7.6312,5.4051,127.817,155.8362,2428.6499,1885.109,359,367.6459,7.9488,3.5042
"nwis_0208114150",10455800,"MOST_SURE",45.8164,32,397.138,514.9973,2,5.4105,128.108,155.6557,2414.1399,1888.9178,358.924,367.5858,6,3.5302
"nwis_0208458892",3360042,"MAYBE2",32.3538,32.3538,867.227,867.227,5.6433,5.6433,138.024,138.024,2623.8999,2623.8999,376,376,8.2182,8.2182
"nwis_0208458893",3358276,"MAYBE2",32,32,0,0,4,4,137,137,2642.1799,2642.1799,376,376,8,8
"nwis_0209303205",10519332,"MOST_SURE",39.4725,40,295.455,356.262,2.8865,3.431,205.913,194.1338,2853,2778.9404,417,416.6264,4.4577,4.4939
"nwis_02101726",8869974,"MAYBE2",28.6481,28,370.566,1221.4207,6,6.0724,93.1703,91.4715,2318,2266.8217,366,365.847,4,5.7305
"nwis_02110400",9069012,"MAYBE2",49.787,50,784.535,737.0976,7,5.7445,179.649,182.8912,3317.0601,3198.0491,427,427,3,3.0026
"nwis_02110500",9069040,"MOST_SURE",48.1703,50,678,1812.8801,6,6.4953,177,186.9348,3594.22,3005.9064,427,426.199,3,4.1655
"nwis_02110550",9069104,"MAYBE2",48.2954,49.277,289.645,1668.2871,6.2369,6.3783,158.496,185.0814,3633.9099,3060.0392,427,426.2803,3.6841,4.0791
"nwis_02110701",9071598,"MAYBE2",55.7096,55,589.424,592.9952,7.9995,6.1696,165.986,165.6869,3122.97,3115.6571,427,424.7541,3.0003,3.5148
"nwis_02110704",9071958,"MOST_SURE",49.0621,55,421.635,1498.667,6,6.1676,163.948,183.1629,3199.47,3081.7255,427,426.2289,4,4.0415
"nwis_02110777",11562016,"MOST_SURE",49.107,50,0,545.7886,6,5.7188,176.539,180.3908,4156.25,4115.3344,427,427,3,3.7042
"nwis_02110802",9071840,"MOST_SURE",49.495,55.8852,1136.16,1386.0057,7.9955,6.0135,158.613,180.5937,3448.26,3175.0875,427.34,426.3093,3.0022,3.9839
"nwis_02110815",9073938,"MOST_SURE",52.5462,59,13214,501.56,32,5.3378,162,199.8463,4316.5,2514.3552,427.06,412.1756,6.2859,4.0698
"nwis_02135000",9114416,"MOST_SURE",59.3652,60.4241,1277.64,492.952,4.1701,3.2868,198.237,233.1439,2806.8701,2672.3302,359,377.5158,4.206,4.0056
"nwis_02148315",9721817,"MOST_SURE",46.5783,60,620,276.8109,4,7.1976,216.03,217.5823,2744,2366.8369,602,585.0342,4,4.4589
"nwis_02156500",9705130,"MOST_SURE",54.2388,47.4075,241.743,184.6767,4,6.4619,176.217,278.5281,2471.8999,2462.4428,407,580.3771,4.4948,4.4842
"nwis_02160105",9698941,"MOST_SURE",57.8085,53.0137,234.373,217.4774,4,5.3076,195.375,292.2307,2489.3301,2503.2597,472,472.0248,4.1201,5.0404
"nwis_02160700",9691190,"MOST_SURE",57.903,52.5468,293.711,205.9511,4,5.9634,199.333,296.7485,2480.53,2512.3197,460.426,459.3489,4,5.4285
"nwis_02160991",9707918,"MAYBE2",54.0781,49,239,207.9951,5,5.951,137,263.4671,2537,2478.784,407,528.0443,4,4.6262
"nwis_02162035",9707984,"MAYBE2",53.4919,53,370.118,214.315,7.6886,5.8604,207.59,253.5835,2596.5901,2484.2909,403.964,516.6517,3,4.6185
"nwis_02167600",9869876,"MAYBE2",54.3538,50,400.739,212.1053,5,5.3859,149.506,268.4394,2557.24,2607.0957,391,394.5686,4.4624,4.7947
"nwis_02167716",9869896,"MAYBE2",52.397,50,395,356.3025,5.8704,9.6094,158.494,172.5574,2561.04,2560.4969,391,390.4916,5,5.1384
"nwis_02168500",9869878,"MAYBE2",54.0554,55.7823,673.875,256.3991,4.6869,5.9538,208.956,247.057,2570.3501,2596.2397,391.136,393.6378,5.8151,4.8315
"nwis_02168504",9869858,"MAYBE2",54.0581,55.5258,336,256.5438,7.8813,5.9564,211.181,246.9919,2586.51,2596.2219,391,393.6331,4.5985,4.8311
"nwis_02169000",9869898,"MOST_SURE",54.1741,55.064,105.273,254.6782,2.7621,5.8711,241.514,246.0676,2616.1299,2596.1415,432.018,393.718,3.0235,4.8023
"nwis_02171637",166756763,"MAYBE2",64.4244,64.4244,2507,2507,3,3,176.373,176.373,2860.3799,2860.3799,337.114,337.114,7.9981,7.9981
"nwis_02171645",9660548,"MAYBE2",64.3606,62,2507,2507,3,3,169,176.179,2859,2860.3436,343,337.2689,8,7.9981
"nwis_02172050",9643573,"MOST_SURE",53.4594,64.4691,981,327.8688,7,5.9297,177.407,230.1084,3164,2550.8797,333,496.1898,2,4.4527
"nwis_021720677",9645887,"MOST_SURE",53.8741,64,326.099,333.9685,7.1429,5.9084,175,228.0945,3305.3601,2575.7328,333,490.0192,5.2536,4.4139
"nwis_021720698",9645947,"MOST_SURE",62.4455,60,60,269.1581,2,4.1254,162,170.8011,3617.9199,3643.8326,333,334.3207,5.9565,6.7793
"nwis_021720709",9629843,"MOST_SURE",54.0759,60,60,331.9362,2,5.8733,162,226.6707,3682.97,2603.2741,333,485.8144,5.1662,4.4709
"nwis_021720869",9633321,"MOST_SURE",64.8943,60,296,613.4496,4,6.4058,162,179.1085,3346,3036.8236,394,389.4488,6.1766,3.0529
"nwis_02198840",20107171,"MOST_SURE",58.425,46,913.532,244.133,6.5423,5.9097,128.056,283.3719,3455.97,2748.9464,308,515.5991,5.5347,4.899
"nwis_02198920",20108953,"MAYBE1",58.3739,43,0,244.3737,13,5.8997,119,282.807,3479.8,2751.4134,308,514.8668,5,4.8979
"nwis_02198950",20107201,"MAYBE2",58.3447,43,897,249.278,3,5.9101,118.492,282.4462,3504.24,2753.0489,308,514.3908,5.1883,4.8981
"nwis_02198955",20107203,"MAYBE2",58.3445,43,0,249.278,3,5.9101,118,282.4441,3509.6899,2753.0589,308,514.3881,5.0709,4.8981
"nwis_021989715",20107243,"MAYBE2",58.2262,43,330.296,249.4443,2.1678,5.8829,118.809,281.1991,3526.97,2758.7533,307.869,512.8078,4.5725,4.8966
"nwis_021989773",20107225,"MAYBE2",58.21,43.2627,0,249.3915,4.6179,5.8819,118.47,281.0244,3574.9199,2759.6159,307.678,512.5879,4.1108,4.8957
"nwis_021989792",20107197,"MAYBE2",43.9083,43.9083,717.878,717.878,3.4632,3.4632,120.711,120.711,3509.5,3509.5,308.707,308.707,6.494,6.494
"nwis_021989793",20107211,"MAYBE2",43.854,43,0,717.878,4.6179,3.4557,118,120.549,3529,3510.3441,308,308.6648,5,6.4164
"nwis_0219897945",20107217,"MAYBE2",43.6732,43.473,381,592.8833,4,3.518,119.419,120.0117,3534.74,3519.443,308.162,308.455,5.7047,6.0968
"nwis_0219897993",20107257,"MAYBE2",58.1694,44,459,250.1817,3,5.8778,120,280.5736,3738.29,2761.7815,308.025,512.0161,7,4.8992
"nwis_022035975",6321815,"MAYBE2",30.0002,30,275,896.5365,5.8492,1.2426,90.621,91.276,3947.1201,3917.6014,306,306,6.285,7.5345
"nwis_02203603",6333706,"MOST_SURE",45.7895,45.7895,215.274,215.274,6,6,220.195,220.195,2909.23,2909.23,421.298,421.298,5,5
"nwis_02203655",6333720,"MOST_SURE",45.7975,46.6768,177.762,231.3162,7,6.584,224.384,220.747,2906.5,2908.0822,416,417.7422,5,5.3064
"nwis_02203700",6334126,"MOST_SURE",46.1231,46.1477,173,176.7019,6.3962,6.3301,228.572,230.3456,2907.47,2908.2407,421.056,421.3021,4.6807,4.6557
"nwis_02203831",6333690,"MOST_SURE",46.9021,47.0236,182.717,180.7323,7,7,234.203,237.4338,2893.79,2895.7739,416,416,4.0864,4.2205
"nwis_02203863",6334112,"MOST_SURE",47.2776,47.2996,189.792,187.184,7,7,249.534,251.2632,2891.5701,2892.1539,421.106,421.3522,4.1512,4.2032
"nwis_02203873",6334120,"MOST_SURE",47.5861,47,140.619,144.6617,6.6042,6.7756,224.221,244.178,2869.6899,2877.2135,416,416,4,4
"nwis_02203900",6333752,"MOST_SURE",46.4622,47.2919,136.71,193.0153,7,6.8651,221.109,229.5108,2864.3601,2896.074,416,418.1386,4,4.5222
"nwis_02203950",6334110,"MOST_SURE",48.3146,48.7023,131.347,144.2572,7,7,258.753,279.5149,2872.26,2874.9819,416,417.4439,4,4
"nwis_02203960",6333710,"MAYBE2",48.4869,48.2796,114.902,129.009,5.8624,6.5921,231.751,265.4619,2860.5801,2868.1185,416,416.7199,4,4
"nwis_02204037",6333794,"MAYBE2",49.078,48.828,115.905,95.8092,4.9002,4.2808,227.122,232.1332,2845.7,2849.7307,416,416,4.0008,4.0002
"nwis_02207135",6333488,"MOST_SURE",49.935,50,199,198.6029,7,7,295.273,298.2575,2845.3601,2852.2799,416,416,4,4
"nwis_02207160",6333546,"MAYBE2",49.6018,50,84.9513,110.347,5.9658,5.5265,242.225,271.6082,2821.8201,2846.5565,416,416.0327,4,4
"nwis_02208450",6331754,"MAYBE2",53.9986,54.9403,201,176.8515,6,5.1835,236.827,257.3014,2714,2746.6404,416,416.2096,4,4.5589
"nwis_02208493",6331758,"MAYBE2",53.6699,54.163,201,169.7342,6.024,4.9213,234.156,238.3034,2732.71,2730.567,416,416,4,4.0122
"nwis_02217643",1047417,"MAYBE2",61.9899,62,119.658,119.7854,6,6,306.59,311.0964,2707.55,2709.5806,430,430,6,6
"nwis_02231254",18257723,"MAYBE2",32.8922,31,0,486.0778,1,2.0863,107.709,108.3661,4358,4406.6437,339,337.4604,7,9.0968
"nwis_02231291",18252975,"MAYBE2",30.6882,32,117.459,563.6401,1,1.8263,115,110.9271,4370.77,4438.8495,431,425.1923,9,7.4788
"nwis_02234000",10997905,"MOST_SURE",46.3788,51,168.316,547.4151,0.9367,0.2885,184.31,181.8469,5323.3198,5471.9635,290,285.3757,4,4.6625
"nwis_02234500",11033091,"MOST_SURE",47.3464,55.9513,97.7372,461.6177,0.058,0.3154,111.786,173.4517,5127.9399,5412.8645,290,285.3363,3.6221,4.4151
"nwis_02235500",10995987,"MAYBE2",54.8474,54.8474,26.7629,26.7629,0,0,120.847,120.847,5074.3398,5074.3398,290,290,3,3
"nwis_02236000",10989245,"MOST_SURE",49.0879,53.1132,113.737,412.5117,0.5804,0.3089,112.868,161.7256,5061,5359.0213,290,285.3541,3.584,4.3406
"nwis_02236125",10989141,"MOST_SURE",49.5293,53.9648,136.114,392.042,1,0.3268,108.575,157.7586,4969.7402,5330.9458,290,285.703,4.9875,4.353
"nwis_02244040",16665209,"MAYBE2",46.2002,39.4813,126,114.5463,0,0,128.4608,140.5541,4862,4861.556,296,296,3,4.3113
"nwis_02245260",16663809,"MAYBE2",36.6976,37,246,341.8899,0,0,114.035,114.0187,4982.79,4998.5763,296,296,4,4.0013
"nwis_02264000",21478144,"MAYBE2",42.7316,42.7316,117,117,2,2,83.8669,83.8669,5121.1802,5121.1802,196,196,6,6
"nwis_02264100",21477692,"MOST_SURE",44.3416,45.2702,498.056,246.2449,2,1.4819,95.8997,79.8174,5146.1201,5126.0514,196,196,6.5264,5.3676
"nwis_02266200",21477644,"MOST_SURE",45.373,45.373,115.083,115.083,1.1741,1.1741,76.6974,76.6974,5111.27,5111.27,195.849,195.849,5.6259,5.6259
"nwis_02266300",21478176,"MOST_SURE",45.3976,45.8052,163,177.4258,2,1.2943,94.0385,74.7596,5126.4399,5107.2286,196,195.6244,5.3288,5.8458
"nwis_02266495",21478164,"MAYBE2",45.3021,48.0282,283.786,198.4162,2,1.4553,108.754,82.226,5154.8599,5120.0599,196,195.8029,6.9784,5.7182
"nwis_02293249",0,"NO_COMID",NA,NA,NA,NA,NA,NA,NA,NA,NA,NA,NA,NA,NA,NA
"nwis_02304000",16906571,"MOST_SURE",38.3289,39.2506,194.267,282.7311,1.3707,1.3111,112.106,97.2202,5335.9199,5268.8241,161.742,140.841,4,5.5458
"nwis_02319302",166758629,"MAYBE2",42.5772,49.0693,169.723,155.4111,3.1121,5.4271,135.208,121.5309,4692.8101,4260.9301,323.215,332.5696,12.0541,7.0659
"nwis_02320250",2229745,"MAYBE2",41.0651,49,607.691,284.3145,2,3.7411,141,115.8817,4801.5498,4256.6983,456,305.4062,7.07,8.153
"nwis_02322688",2161388,"MAYBE2",49,49,765.501,765.501,3.9104,3.9104,147,147,4748.71,4748.71,456,456,6.0896,6.0896
"nwis_02323502",2232713,"MAYBE2",42.1652,52.7162,384.771,284.9976,1.6006,3.3126,155.299,120.2612,5017.2402,4350.9535,456,334.5016,10.0464,8.1856
"nwis_02323566",933110050,"MAYBE2",42.2645,52.8988,209.073,284.6141,1,3.2912,151.79,120.5582,5068.4399,4357.6104,456,335.6081,8.8836,8.1956
"nwis_02336120",2047971,"MOST_SURE",48.0101,47,151.667,205.1401,6.3262,6.8806,285.26,298.9331,2904.1299,2892.738,609,605.3401,4,4.0015
"nwis_02336152",2048083,"MOST_SURE",48.1145,47.8288,177.995,161.2993,6.9052,6.9389,290.984,293.3233,2886.75,2882.512,597.251,582.4163,4,4
"nwis_023362095",2048005,"MAYBE2",47.9593,47.9126,167.661,170.4211,6.5365,6.6393,292.557,293.6877,2892.8601,2890.2497,609,609,4,4
"nwis_02336240",2048013,"MOST_SURE",47.435,46.7263,162.231,174.8174,6.8736,6.6719,277.233,285.3592,2923.1001,2900.2332,609,598.7145,4,4.1229
"nwis_02336300",2047989,"MOST_SURE",47.2504,42.8128,166,185.9553,6,6.6562,244.761,285.486,2933.7,2902.7302,609,603.4755,5,4.1609
"nwis_02336313",2048017,"MOST_SURE",45.6106,45.4902,198.636,211.0886,6,6,245.166,244.505,2940.29,2939.1594,600.039,598.3018,5.0004,5.2889
"nwis_02336340",2047893,"MOST_SURE",47.9481,47.2371,202.64,218.1584,6.9295,6.5888,287.056,297.8266,2905.3899,2902.9161,609,609,4.1352,4.8208
"nwis_02336360",2047911,"MOST_SURE",47.7553,46.5975,153.998,207.3624,6.4312,6.5285,279.69,295.3784,2911.3899,2903.5824,609,609,4.4312,4.7083
"nwis_02336410",2047963,"MOST_SURE",47.3564,45.9112,145.085,190.0667,6.6596,6.601,260.197,288.1825,2934.1201,2909.1084,609,609,5,4.7758
"nwis_02336526",3285608,"MOST_SURE",45.6646,46,242.302,225.6052,6.6667,6.4089,226.088,227.7041,2950,2935.2639,496,496.1779,5,5.5114
"nwis_02336728",3285770,"MOST_SURE",46.0431,46.9993,138.065,199.8265,6,6.5324,229.195,223.5997,2963.6899,2943.6525,496,494.908,5,5.3882
"nwis_02337170",3286494,"MOST_SURE",58.0884,45.0312,103.907,137.1927,5.009,6.7159,225.156,433.287,2976.21,3008.7581,496,583.2347,5,6.0865
"nwis_023432415",2306737,"MAYBE2",52.9722,54,72,149.5169,3,5.7097,245,294.0888,4277,3323.7861,453.363,501.7087,6,5.6881
"nwis_02344630",6415508,"MAYBE2",46.0839,46.5347,225.452,204.9409,6.724,6.8431,217.873,222.2288,2995.3601,3021.9544,410,411.4515,5.138,5.1757
"nwis_02344673",6415484,"MAYBE2",46.0579,46,186.121,148.1265,5,5.7384,216.08,219.1487,2996.46,3001.6712,410,410,6,5.1775
"nwis_02397530",15823427,"MOST_SURE",53.0607,42.857,357.444,166.9005,8.686,7.0041,246.37,331.8293,3087,3009.0871,700,616.3166,6.7591,6.2019
"nwis_02423130",21654166,"MOST_SURE",38.6083,37.2094,128.042,73.3023,7.4297,5.9418,253.969,256.7337,3529.97,3501.5933,572,577.9206,5.4396,4.8126
"nwis_02423160",21654200,"MAYBE2",38.6792,38,115.351,94.606,8,6.9181,260.408,260.325,3523.72,3506.9049,572,575.4105,5.2371,5.0524
"nwis_02423397",21654312,"MOST_SURE",37.5137,37.8988,97.5595,129.2972,7,8.1435,259.577,257.1955,3533,3515.3866,572,578.0596,5,5.6261
"nwis_02423496",21655568,"MOST_SURE",36.9672,29.8083,180,124.3381,7.4608,7.8422,193.94,250.2682,3611.5801,3523.4897,572,573.696,5.5392,5.1977
"nwis_02455980",18565735,"MOST_SURE",39.9868,42.2216,294.325,132.6177,7.3509,6.5574,272.386,264.1661,3508.21,3511.1748,617,614.8326,4.5298,4.198
"nwis_02457595",18566081,"MOST_SURE",39.1579,39.46,82,218.4628,5,7.6472,301.158,286.8186,3629.6799,3548.6552,617,616.4368,4.0558,4.5569
"nwis_02458450",18566201,"MOST_SURE",37.1909,35.8871,578.273,405.0577,8.9149,8.523,277.406,278.9932,3634.49,3566.9795,617.564,620.9981,5.162,5.4832
"nwis_02469100",18546622,"MOST_SURE",35.6798,28.4948,140.973,590.7822,8.1651,7.9825,127.696,195.9238,4394.2402,3801.6601,501,598.0742,5.2373,5.3007
"nwis_02473085",18135842,"MAYBE2",32.9896,37.0524,566.579,394.5152,6.0515,7.0504,199.93,160.5358,5431,4961.7295,565,565.0433,5.9914,5.0877
"nwis_02489800",15708889,"MAYBE2",42,42,403,403,5,5,248,248,6059,6059,627,627,5,5
"nwis_02492620",15714395,"MOST_SURE",31.5827,37,3024.53,634.8549,12,9.2331,236,158.4639,6348.5498,4807.4022,627,574.6569,6,5.6006
"nwis_03007800",8972788,"MOST_SURE",39.3214,40.1084,71.9656,27.4698,3.6797,2.0853,237.816,221.973,942,914.8587,641,639.4702,3,2.2502
"nwis_03025500",10222194,"MOST_SURE",40.5855,41.0787,26.6547,111.6345,1.3177,3.3789,233.047,249.9991,1164.25,1091.7005,662.092,656.8058,1.9703,2.7042
"nwis_03027500",6874115,"MOST_SURE",41.407,42,19.1741,26.2102,1,1.1211,264.043,256.6108,1103,1081.5792,677,675.6707,3,3.6459
"nwis_03034000",4741709,"MOST_SURE",39.6209,39.0597,179.031,99.6786,5,3.6534,237.358,240.6769,1168.99,1141.6885,602,602.2463,3,3.3573
"nwis_03036000",166808422,"MOST_SURE",38.3575,37,20.5582,103.7317,0,2.9038,220.257,232.7893,1177.99,1161.7603,602,602.7862,2,3.0322
"nwis_03039035",4742257,"MAYBE2",40.2317,35,37.1316,102.7038,1,3.014,179.871,245.423,1160,1114.3233,602,649.9018,2,2.8112
"nwis_03039036",4742269,"MAYBE2",40.2315,35,37.1756,102.7012,1,3.0139,179.577,245.4204,1160,1114.3251,602,649.8999,2,2.8112
"nwis_03039040",11049952,"MAYBE2",40.2216,35,45.6434,102.596,2.7403,3.0111,173.068,245.2935,1163,1114.4074,600.715,649.8082,2,2.8096
"nwis_03039041",11049952,"MAYBE2",40.2216,35,45.6434,102.596,2.7403,3.0111,173.068,245.2935,1163,1114.4074,600.715,649.8082,2,2.8096
"nwis_03049640",11050042,"MAYBE2",40.0917,34.9209,37.4232,99.8001,3,2.8045,162.274,243.4124,1150.21,1121.2605,497,643.248,2,2.6848
"nwis_03058000",3717136,"MOST_SURE",27.0024,24.5552,170,72.2238,7,6.806,131.818,172.8819,1258,1259.1143,548,548.1908,4,3.0686
"nwis_03061000",3715602,"MOST_SURE",26.8282,28.1078,320.416,169.3431,5.527,5.3665,142.539,141.3984,1189,1226.5924,548,548.7343,3,4.0299
"nwis_03067510",3777215,"MAYBE2",37.049,36.0163,27.2033,24.2542,5.1687,2.8487,264.022,298.2213,1510.33,1488.6592,896,876.7719,3,2.5803
"nwis_03071590",3773977,"MAYBE2",35.7327,33,10,49.4453,2.5508,3.184,179.289,251.0227,1079.46,1310.2783,896,888.7109,2,2.7851
"nwis_03071600",3773977,"MAYBE2",35.7327,33,10,49.4453,2.5508,3.184,179.289,251.0227,1079.46,1310.2783,896,888.7109,2,2.7851
"nwis_03071605",3773975,"MAYBE2",35.7322,33,11.3171,49.4391,3.5493,3.1841,177.707,251.0107,1080.15,1310.2409,896,888.7121,2,2.7849
"nwis_03071690",3773973,"MAYBE2",35.7138,33,42.6942,49.7092,4,3.1943,171.003,250.4483,1082.36,1308.4197,795.647,888.5041,2,2.7787
"nwis_03072655",3788105,"MAYBE2",31.7311,32.7206,56.6834,95.9765,4,4.0615,159.991,204.9328,1098.65,1262.0045,421,701.1394,2,3.1598
"nwis_03073000",3789647,"MOST_SURE",34.1282,31.1773,535.817,170.9909,5,3.6038,138.054,146.1337,1101.97,1123.77,421,421.0709,2,2.1224
"nwis_03075070",3785895,"MOST_SURE",32.0692,34,45,100.6889,3.7862,4.0192,151.612,196.3201,1097.39,1235.9757,421,655.171,1.8555,2.9722
"nwis_03077100",3809041,"MAYBE2",38.9281,36,66.8147,52.2812,5,1.7974,254,288.9661,1141.72,1233.6735,672,673.5128,2,2.6197
"nwis_03081000",3809023,"MOST_SURE",38.7578,36,55.0603,53.1614,5,2.1344,255.142,270.3879,1142,1163.358,672,671.4683,2,2.3915
"nwis_03082500",3806299,"MOST_SURE",38.0511,34,563.826,50.625,5,1.9935,197.584,260.4866,1094.45,1158.7117,672,671.5513,2,2.2496
"nwis_03083500",3806147,"MOST_SURE",37.3353,34,39.7141,76.6224,4,2.4409,158.416,244.2715,1085,1145.6587,672,671.4054,2,2.2014
"nwis_03085002",3785857,"MAYBE2",33.398,34.9877,36.3099,93.6972,2.923,3.6317,158.467,206.1767,1114.59,1210.1966,421,651.7629,2,2.7522
"nwis_03098600",13153643,"MOST_SURE",36.9217,42.3364,128.139,596.7697,1.2368,3.8127,157.015,140.4417,1137.8199,1135.611,401,402.3721,2,2.4518
"nwis_03105500",19464300,"MOST_SURE",37.3447,38,39,462.3373,2,5.0595,142,153.4707,1142,1148.9059,490,443.461,2,2.8714
"nwis_03106000",10926401,"MOST_SURE",36.5022,36.7436,122.501,111.3235,4,2.9668,139.531,163.7329,1135.78,1147.1973,490,490.1878,2,2.1368
"nwis_03108490",3821063,"MAYBE2",37.4504,38,62.782,134.163,2.1623,3.3403,138.907,215.805,1137.54,1154.0018,392,611.1002,2,2.6731
"nwis_03121850",19389922,"MAYBE2",38.8236,39.4619,324.972,243.6462,3,2.6825,140.498,138.5128,1181.73,1179.0607,394,394,2.9973,2.2056
"nwis_03183500",12107522,"MOST_SURE",40.258,38.9263,14.3139,27.5637,3.4301,2.9959,174.356,213.1675,1132.03,1237.848,523,523.3974,2,2.3101
"nwis_03219500",5215353,"MOST_SURE",25.4337,22,3806.9199,7671.4593,11,10.6425,64,71.1712,1244,1235.8513,325,324.9116,2,2.5776
"nwis_03220510",5215753,"MAYBE2",25.4795,22.1728,3488.1799,6902.3813,7.886,10.7529,66.5183,72.4374,1264,1244.3877,325,324.951,2.114,2.5276
"nwis_03228039",5218199,"MAYBE2",24.3955,27.122,1732.52,5696.5008,0.1397,9.8979,91.748,71.4568,1271.3,1242.8032,325,325.0037,2,2.4839
"nwis_03228300",5213097,"MOST_SURE",24.244,20.9425,2076,1514.2798,10.5304,9.1117,64.9137,75.7007,1264.54,1257.6357,325,326.2504,2,2.5532
"nwis_03254520",2087849,"MAYBE2",21.8268,14.8105,800.298,423.1309,11.0489,10.7945,57.2421,93.3011,1569.64,1608.466,466,461.5321,3.6381,2.6856
"nwis_03255349",3404925,"MAYBE2",22.2241,19.6612,1923,1150.8849,10.917,5.8896,71.1066,79.0284,1446,1447.5441,407,400.3418,2,2.498
"nwis_03259757",3405231,"MAYBE2",19.2252,19,280.002,297.4165,6,5.2356,69.9997,70.8325,1507.96,1511.8534,407,406.9773,2.3638,2.6391
"nwis_03259813",3405231,"MAYBE2",19.2252,19,280.002,297.4165,6,5.2356,69.9997,70.8325,1507.96,1511.8534,407,406.9773,2.3638,2.6391
"nwis_03271510",3883750,"MOST_SURE",42.5831,35.9481,1389.97,2896.8479,5,6.75,121.609,129.0359,1372.98,1313.9169,354,341.0562,1.7882,2.5365
"nwis_03277075",3407011,"MAYBE2",16.9489,18,748,742.9809,9,9.5812,68,64.1447,1567.78,1559.2169,407,407.3998,5,4.2518
"nwis_03277130",3407421,"MAYBE2",14.9956,14.9155,845.635,866.3597,11.7574,10.7415,57.7364,57.9994,1602.88,1593.0674,407,408.529,3.349,4.1712
"nwis_03277200",3407553,"MOST_SURE",34.0334,14,68,620.1202,7.471,4.7773,55.6976,158.6719,1618,1290.2934,407,489.2911,4,2.4357
"nwis_03289193",1825330,"MAYBE2",25.449,25.3231,374.433,375.2759,5,5,118.248,118.935,1767.64,1767.5008,522,522,3,3
"nwis_03292470",10163598,"MOST_SURE",18.3415,20.1225,240.989,355.7027,5.9396,7.9516,92.4564,82.7925,1794.3199,1776.6866,435,435.5537,2,2.0365
"nwis_03292474",10163710,"MOST_SURE",21.5237,21.6836,439.307,433.1773,5.9844,5.9869,101.989,101.2587,1818.78,1818.5831,435,435.4029,2,2
"nwis_03292475",10163710,"MOST_SURE",21.5237,21.6836,439.307,433.1773,5.9844,5.9869,101.989,101.2587,1818.78,1818.5831,435,435.4029,2,2
"nwis_03292480",10163686,"MOST_SURE",21.2303,21.2303,408.268,408.268,5.7137,5.7137,99.4087,99.4087,1815.71,1815.71,435,435,2,2
"nwis_03292500",10163886,"MOST_SURE",23.0172,23.5628,983.8,727.9048,5.5767,5.7845,112.851,110.3652,1856.85,1851.0771,435.913,437.3839,2.2478,2.1418
"nwis_03292550",10163886,"MOST_SURE",23.0172,23.5628,983.8,727.9048,5.5767,5.7845,112.851,110.3652,1856.85,1851.0771,435.913,437.3839,2.2478,2.1418
"nwis_03293000",10163884,"MOST_SURE",22.3735,23.7991,1007.56,710.2688,5.9205,5.9738,113.702,106.4957,1847.9301,1835.3234,435,436.0424,2,2.3088
"nwis_03293500",10163884,"MAYBE2",22.3735,23.7991,1007.56,710.2688,5.9205,5.9738,113.702,106.4957,1847.9301,1835.3234,435,436.0424,2,2.3088
"nwis_03293510",10164000,"MAYBE2",22.7554,23,1768.16,788.1406,5,5.8686,109,108.5827,1853.17,1842.7333,435,436.4497,2,2.1899
"nwis_03293530",10163728,"MOST_SURE",23.0473,23.0473,1069.52,1069.52,5.9473,5.9473,109.23,109.23,1837.54,1837.54,435,435,2,2
"nwis_03294570",10163798,"MOST_SURE",22.9339,22.719,620,819.5647,5.036,5.7899,112.074,112.199,1895.87,1887.613,448.697,438.2063,4,3.8088
"nwis_03297800",10265394,"MAYBE2",21.3433,22,273.906,260.6944,12,11.1589,109,105.7832,1889,1892.9912,486,486,2,2
"nwis_03297900",10263816,"MOST_SURE",18.4218,19,1005,834.0333,10.7207,10.2925,88.995,84.617,1807,1787.0613,486,484.7304,2,2
"nwis_03298000",10264510,"MOST_SURE",18.7568,19.0658,744,777.5828,11,10.166,91.329,87.2398,1845,1800.7528,486,484.6246,2,2
"nwis_03298135",10264014,"MOST_SURE",21.0349,21.0349,356.311,356.311,6.3013,6.3013,100.936,100.936,1837.83,1837.83,485.338,485.338,2.1148,2.1148
"nwis_03298150",10264014,"MOST_SURE",21.0349,21.0349,356.311,356.311,6.3013,6.3013,100.936,100.936,1837.83,1837.83,485.338,485.338,2.1148,2.1148
"nwis_03298200",10264192,"MOST_SURE",19.3677,21,382,672.329,8.3063,9.8345,102,91.3307,1867.71,1817.4803,486,485.0583,2,2.0062
"nwis_03298250",10264224,"MOST_SURE",21.1457,21.0678,353.994,348.2992,6,6,102.652,102.7143,1869.3,1861.8013,486,486,2,2
"nwis_03298300",10264216,"MOST_SURE",21.7217,21.4839,332.385,337.5065,6,6,104.796,105.7695,1873.92,1868.7954,486,486,2,2
"nwis_03301900",10264004,"MOST_SURE",21.7305,21.7305,359.52,359.52,6,6,104.652,104.652,1842.8,1842.8,484.907,484.907,2,2
"nwis_03301940",10264038,"MOST_SURE",22.4341,23.6037,739.933,463.6075,9.4249,6.8937,114.584,108.4524,1865.17,1854.3378,486,485.6627,2,2
"nwis_03302000",10264124,"MAYBE1",22.8472,22.7967,202.231,1330.9786,5.669,9.7899,111.501,111.0446,1883.9399,1870.8024,485.471,483.5342,2,2.112
"nwis_03302030",10264270,"MOST_SURE",22.8519,23,476.02,1119.0819,4.9806,8.7522,113.916,111.3005,1896.3,1874.2638,486,483.6413,3.9806,2.2386
"nwis_03302050",10264274,"MAYBE2",23,23,89.3804,89.3804,3.3322,3.3322,113.478,113.478,1894.21,1894.21,486,486,2.3322,2.3322
"nwis_03321500",11619101,"MOST_SURE",27.7959,21,428,313.0667,8,6.2523,89.075,141.6803,2122,2251.2395,538,557.9786,2,3.2051
"nwis_03343805",10337796,"MAYBE2",27.8156,28,700.186,686.9563,8.906,9.3122,66,64.8268,1817.7,1814.6689,318,318.4657,3,3
"nwis_03353200",18476775,"MOST_SURE",27.8397,26.0802,630.747,1360.142,6,5.9689,84.7028,88.2727,1591.03,1590.4805,375,374.5933,3,3.0706
"nwis_03374100",18471310,"MOST_SURE",27.543,23.5031,935.129,1509.9271,4.6158,6.2157,83.485,96.27,2003.87,1688.2501,395.518,398.8339,3.523,2.9454
"nwis_03400800",10190044,"MOST_SURE",36.4901,36,23.4989,15.3707,3,2.8126,228.698,230.8516,1771,1904.7101,629,628.8584,2.8484,2.4396
"nwis_03401385",10189702,"MAYBE2",38.3073,38.3073,53.7426,53.7426,1,1,246.445,246.445,1873.33,1873.33,628.97,628.97,4,4
"nwis_03408500",12154450,"MOST_SURE",34.33,30.6532,21.1086,10.805,2.9466,1.3032,218.949,240.1468,2230.4299,2517.0474,705,703.8689,3.9733,2.7652
"nwis_03409500",12154278,"MOST_SURE",31.129,29.113,36.1672,48.1144,2.0095,2.3662,206.464,221.8976,2242.3701,2348.509,705,705.0477,4,4.3061
"nwis_03428180",18402523,"MAYBE2",26.8662,26,697,841.1038,6,9.4266,151,165.9494,2826,2861.3293,631,630.9328,3.9518,3.4286
"nwis_03430200",18401497,"MAYBE2",26.7567,26,136.616,536.2787,3,7.5109,132.873,157.0697,2693.5801,2807.6923,625.632,630.6264,3,3.5761
"nwis_03431083",18408144,"MAYBE2",26.1679,26.5835,219.527,196.5203,6,5.1022,135.311,138.1606,2703,2761.1805,569,570.4112,2.0004,3.4091
"nwis_03431091",18408666,"MAYBE2",30.9844,27,213.487,135.3778,6,4.8072,137.003,193.1028,2704.24,2380.6293,569,630.6122,2.1976,3.3532
"nwis_03431514",18408674,"MAYBE2",30.9709,26.5294,284.172,135.8498,5.0894,4.8117,133.633,192.9156,2717.74,2381.7573,569,630.4081,2.0614,3.3513
"nwis_03432100",18394236,"MOST_SURE",25.512,26,370,593.246,5.9863,5.7918,147.158,151.1664,2870.1001,2877.6626,553,556.8904,4,4
"nwis_03432350",18393858,"MOST_SURE",26.0533,27,257.69,371.5003,6.2291,5.0496,143.882,148.2688,2867.6299,2869.2717,553,554.9526,4.3437,4.034
"nwis_03432400",18393756,"MOST_SURE",26.1517,27,158.633,358.1958,8.8451,5.1184,142.128,147.7108,2857.76,2867.4476,553,554.7496,6.7183,4.1109
"nwis_03432800",18391826,"MAYBE2",27.2638,27,251,279.6182,11,6.0677,138.813,150.4556,2805.3,2867.9638,553,554.3114,6,4.7486
"nwis_03460795",22151067,"MOST_SURE",61.0795,55.0541,9,14.416,3,1.734,333.443,523.8806,1714,2574.917,682,683.4388,2,3.0208
"nwis_03538830",19710639,"MOST_SURE",31.0948,31,67,89.3154,2,1.9989,231.044,232.658,2543.6899,2585.0997,717,715.9701,4,4.4702
"nwis_03539600",19711775,"MOST_SURE",34.4659,35.9683,35,45.8091,2.0238,2.3541,260.343,246.349,2620,2709.3071,717,716.2023,4,4.2173
"nwis_03539778",19710283,"MOST_SURE",31.0978,34,19,39.7877,2,1.8596,248,230.7002,2427,2481.0456,717,716.5163,4,4.1425
"nwis_03612600",1841415,"MAYBE2",33.3958,16.8385,486.504,617.7612,6,5.6052,69.2102,169.3643,2513,1850.0479,415,512.7529,4,3.0049
"nwis_04024000",1777616,"MOST_SURE",49.1096,45,253.437,402.1585,1.4414,2.7895,109.48,122.4978,1078.9,1029.4596,272,271.9394,1.7344,1.9313
"nwis_04027000",1815879,"MOST_SURE",58.7523,55.414,322.759,233.8917,5,2.8611,207.482,213.7738,969.547,1046.67,353,352.7865,1.3237,2.3874
"nwis_04040000",11947215,"MOST_SURE",61.1228,60.4922,33.0197,309.7169,1.006,2.6468,237.243,222.8405,789.573,854.1479,353,352.6007,3,2.6578
"nwis_04059500",6860182,"MOST_SURE",58.3196,57.6776,258.081,251.2735,0.6753,0.9285,180.966,201.1274,747.567,765.3143,302.78,294.6798,1.0847,1.5811
"nwis_04067500",6848607,"MOST_SURE",64.0318,56,104.655,167.0429,1.9681,1.3843,156.259,214.2324,857.927,827.0081,282,284.7858,1.9841,1.9188
"nwis_04085108",12005979,"MOST_SURE",46.6608,51,1003,655.9656,7,6.0273,106.691,94.5942,846,891.8321,299,295.6721,1,1.7523
"nwis_040851385",12005077,"MOST_SURE",61.6616,52.7313,595.558,604.7147,9.5519,2.5706,114.052,158.9521,821.036,1094.3998,294.445,302.8568,1.3497,1.717
"nwis_04085427",12173792,"MOST_SURE",44.8746,46.4811,592.585,1105.6161,7,6.4341,94.0112,88.0134,867.531,974.048,224,224.7832,1,1.5215
"nwis_04087030",12163826,"MOST_SURE",45.7496,42.6822,1004.8,716.0448,7,4.5343,85.3083,90.621,1070.4399,1044.277,269.304,266.5255,1.0258,1.6461
"nwis_04087050",12163788,"MAYBE1",46.4472,45.6495,1173,1102.9172,7,4.6727,91.295,92.5641,1042.25,1040.6748,266,266,2,2
"nwis_04087088",12163882,"MOST_SURE",39.5892,39.084,612,612,7,7,79.1681,80.1784,1093.17,1107.5231,266,267.5419,3,3
"nwis_04087119",12163888,"MOST_SURE",37.8055,37.8055,696.227,696.227,7,7,77.3346,77.3346,1136.9,1136.9,270.61,270.61,2.7166,2.7166
"nwis_04087120",12162512,"MOST_SURE",41.7098,37.7808,612,759.1096,7,6.1911,77.5447,83.9365,1092.75,1073.82,266,266.7549,2.9861,2.252
"nwis_04087142",12162512,"MOST_SURE",41.7098,37.7808,612,759.1096,7,6.1911,77.5447,83.9365,1092.75,1073.82,266,266.7549,2.9861,2.252
"nwis_040871488",12164306,"MOST_SURE",35.8399,36.6886,860,860,7,7,76.1712,75.0354,1160.48,1157.2699,266.568,267.7429,2,2
"nwis_04087170",12162696,"MAYBE1",46.4852,37,0,316.775,2.7076,2.628,77,90.4314,1076,1078.2289,262.914,265.3416,2,1.4751
"nwis_04092750",3398494,"MOST_SURE",34.5335,34.8766,296.214,290.6822,0,0,112.096,110.7388,1436.62,1446.2765,415,412.6668,3.2135,3.3049
"nwis_04095090",3398496,"MOST_SURE",44.7078,44.5212,268.663,706.3417,0,6.0919,148.694,147.8893,1463.47,1512.9257,415,413.3167,2,2.4827
"nwis_04101500",12264996,"MOST_SURE",68.9658,71.485,228.478,567.6336,2.9428,2.4299,235.8,205.8784,1473.25,1273.3855,373,372.6851,3.4074,2.6611
"nwis_04108660",3468553,"MOST_SURE",70.8988,68,80,171.0319,4.0508,2.3082,260,213.9699,1136,1146.4323,358,357.2796,5.3898,3.0277
"nwis_04119400",9005833,"MOST_SURE",59.5071,63.9685,129.764,446.3084,4.9377,2.7619,235.374,151.5656,1075.29,1025.6775,361,308.2246,3.0156,2.4374
"nwis_04121650",12133526,"MOST_SURE",76.8901,76,136.887,304.2494,2.1504,0.4275,232.953,241.2299,1032.65,955.6733,328,328.8267,2,2.3745
"nwis_04121660",12132834,"MAYBE2",74,74,40.8489,42.7244,2.2554,2.2686,224,224,1036,1036,328,328,1.2482,1.2438
"nwis_04121680",12134782,"MOST_SURE",76.6203,73.121,49.2799,283.6017,0,0.4505,233.212,239.9432,1059.13,963.1009,328,328.95,2,2.3314
"nwis_04121944",12134418,"MOST_SURE",68.0375,68.7771,136.041,124.1074,1.6983,0.4294,214.327,200.3561,1056.41,1011.5758,328,328.4868,2.003,2.0137
"nwis_04121970",12134842,"MOST_SURE",75.1582,69.4623,83.981,255.0361,0.1959,0.4421,226.411,233.413,1099.04,972.6213,328,328.861,2,2.2755
"nwis_04124000",12121104,"MOST_SURE",85.4396,86.2014,22.1278,56.0674,0,0.1464,341.23,303.7232,952.139,938.6355,432,429.8885,2,1.9181
"nwis_04124200",12120568,"MAYBE2",85.3531,84,44,53.8327,0.104,0.13,335.887,307.8038,976,941.8472,432,430.2489,2,1.918
"nwis_04125460",12120754,"MOST_SURE",79.9415,84.1354,32.7352,56.7886,0,0.1415,321.123,282.1566,1007.31,982.5544,432,428.6337,2,1.9615
"nwis_04125550",12121294,"MOST_SURE",84.2024,84,53.7016,53.324,0,0.1463,334,304.985,1012,954.6363,432,430.0998,3,1.9274
"nwis_04136000",12952772,"MAYBE2",81.3837,77.9323,72.1682,84.642,1.2594,0.2577,232.662,248.9204,877.87,907.1312,277,278.5493,1.2293,2.2498
"nwis_04136500",12952798,"MOST_SURE",80.3431,76,15,85.9141,0,0.3386,224.981,244.2691,871,902.9937,277,278.3688,2,2.248
"nwis_04136900",12951528,"MOST_SURE",79.6374,69.7472,26.8263,81.4038,0,0.362,202.656,241.3164,875.953,899.4504,277,278.2159,2,2.2017
"nwis_04137005",12951570,"MOST_SURE",79.0953,70,60.2438,79.055,0.8986,0.3661,200.961,239.1155,872.664,897.8491,277,278.1467,2,2.1957
"nwis_04137020",12954032,"MAYBE2",78.595,70,135.581,80.8619,0,0.3566,196.705,236.8778,827.908,896.5363,277,278.2266,3,2.2235
"nwis_04137025",12954046,"MOST_SURE",78.5502,70,105.647,80.9858,0,0.3547,196.254,236.6656,818.496,896.1251,281.165,278.256,3,2.2276
"nwis_04137030",12954004,"MAYBE2",78.4649,70,74.6476,81.0193,0,0.3511,195,236.2588,830.533,895.404,277,278.2434,3,2.2352
"nwis_04137500",12954040,"MOST_SURE",78.312,64.6252,307.241,81.3104,0,0.3459,176.478,235.5526,823.22,894.358,277,278.2368,3,2.2424
"nwis_04142000",12944890,"MOST_SURE",67.284,65.3742,279.691,246.3322,0.9771,2.2014,165.748,184.2508,849.217,888.8659,343,341.2695,3,2.5324
"nwis_041482663",13019635,"MOST_SURE",49.6638,49.0697,1599.8199,1565.5493,3.1505,6.1749,105.125,106.6154,926.95,927.0887,277,275.4783,2,2
"nwis_04157005",13204437,"MOST_SURE",51.9545,42.9436,1569.67,480.8856,2.2145,1.4524,86.4439,120.1915,901.211,928.8166,254.273,280.6498,1.6778,2.2052
"nwis_04165500",13183066,"MOST_SURE",50.0472,45.819,0,671.2456,2,1.5734,92.8538,122.8457,770.039,875.0069,310,307.3799,1.3414,1.9387
"nwis_04166500",10850144,"MOST_SURE",48.8236,41.0365,1687.1,388.4737,0.8998,1.1018,78.8516,99.773,912.669,898.9889,269,269.7555,2.4319,1.9451
"nwis_04167150",10850156,"MAYBE2",53.4284,44.9324,863.649,458.7636,1.3645,1.1406,89.9688,107.765,928.242,927.3759,269,268.4351,1.8182,1.9657
"nwis_04168400",10850162,"MAYBE2",50.2801,41.3978,405.475,547.3039,0.6632,0.9276,83.7956,100.9478,927.146,944.5839,269,268.0847,1.3416,1.9238
"nwis_04174500",13176035,"MOST_SURE",65.7154,65.8994,67.9089,282.3217,0.6975,0.7438,131.799,136.638,967.363,964.0059,256,256.7802,1.2099,1.8515
"nwis_04176500",13229606,"MOST_SURE",56.7456,48.933,197.118,1032.8305,1,4.1126,103.866,124.4275,987,1025.7941,270,270.33,2,1.8963
"nwis_04182867",15668481,"MAYBE2",35.9521,27.4657,1461.08,7240.0518,3.5033,6.9876,78.4165,100.0445,1336.3,1266.9885,313.992,319.7631,1.8993,2.149
"nwis_04188496",15647198,"MOST_SURE",19.8535,18.8648,3757,5987.7001,12,11.675,46.8829,50.7427,1204,1210.2901,292,292.0695,2,2.4787
"nwis_04193490",15636717,"MOST_SURE",31.2271,31.021,1441.26,7318.7433,1.7716,8.099,73.0419,83.1136,1053.6899,1230.8249,305,307.9059,2,2.1481
"nwis_04195500",15626425,"MOST_SURE",19.6883,20,1260.67,1789.4842,10.9001,12.961,47.5231,47.5372,1012.67,1139.5034,305,304.7516,2.0999,1.9413
"nwis_04199500",15605376,"MOST_SURE",24.6202,21.8766,470.932,3163.908,4,8.2984,62.6297,74.7693,1015.18,1102.3385,342.874,339.5736,2,1.6429
"nwis_04200500",15597503,"MOST_SURE",26.2551,23.0181,277.005,1522.6089,3,4.515,68.1494,82.9095,1041.53,1090.8164,358,358.0761,1.0024,1.7335
"nwis_04208000",15587072,"MOST_SURE",40.7675,38.575,451.602,428.7121,0.1927,3.5627,154.721,171.6562,1053.2,1132.1722,517,514.7583,3,2.8601
"nwis_04213500",15582369,"MOST_SURE",36.7022,40.2155,25.8178,132.69,0,4.1048,242.645,209.0363,891.085,983.3004,613,607.4556,1.4702,2.3443
"nwis_04231600",15537883,"MOST_SURE",41.7757,52.0879,1378.78,684.3269,4.3969,3.8493,176.04,161.0404,683.564,765.2236,349,400.6138,2,1.8423
"nwis_04249000",21972746,"MOST_SURE",55.3266,59,0,557.0243,1.6756,3.2389,283.329,254.9693,773,832.3722,649.568,492.6393,2,2.0879
"nwis_05054000",6667867,"MOST_SURE",44.7467,43.5759,12261.5996,3073.6328,23.2186,6.7695,8.3674,21.3401,750.435,846.3868,20,53.5698,2.6088,1.2441
"nwis_05057000",14269180,"MOST_SURE",24.4088,24,819.372,689.8445,10.5385,16.7815,5,4.9913,660.996,576.9558,14,12.3002,1.827,0.4852
"nwis_05057200",14269214,"MOST_SURE",24.4455,27.4339,1034.77,1395.0747,23.8677,19.7863,5.3689,5.0032,668.688,647.1735,14,14.1152,0,0.1933
"nwis_05082500",9398232,"MOST_SURE",38.3212,29.4819,1526.12,2101.2897,14.0511,8.7294,9.9819,22.4104,668.869,753.2997,77.5756,57.593,0,1.5775
"nwis_05406457",13633277,"MAYBE1",59.5607,61.9105,122.412,111.7414,4,4.2049,134.613,128.5653,1368.88,1365.9811,269.883,268.5454,2,2
"nwis_05406469",13633137,"MOST_SURE",59.8381,60.099,104.487,80.0544,4,4,130.219,129.6821,1359.1,1351.3343,267.327,268.0475,2,2
"nwis_05406479",13633821,"MOST_SURE",59.9733,63.7041,82.2584,96.9428,4,4.1057,139.033,129.7878,1366.42,1359.5249,270,268.4481,2,2
"nwis_05406497",13633047,"MOST_SURE",61.1219,65,29,91.6353,0,3.9957,143,132.7788,1368,1361.4305,270,268.9827,2,1.9999
"nwis_05406500",13633025,"MOST_SURE",61.5554,66.8822,29,89.9425,0,3.7303,146.764,133.8951,1368,1362.3558,270,269.0976,2,1.9999
"nwis_05418400",13374239,"MOST_SURE",51.6852,52.7756,142,164.8503,4,8.5736,119.551,116.8908,1525,1500.7838,274,273.8699,2,1.9637
"nwis_05435943",13425023,"MAYBE2",59.267,61.9455,213.382,313.6854,5,4.1453,132.891,126.7392,1378,1371.044,268,265.7897,1.97,1.9989
"nwis_05435950",13425057,"MAYBE2",62.3974,62.3974,200.784,200.784,5,5,133.795,133.795,1378,1378,268,268,1.1884,1.1884
"nwis_05451080",6570914,"MOST_SURE",43.1716,43.1716,865.267,865.267,3.6617,3.6617,65.1753,65.1753,1596.46,1596.46,242.214,242.214,3.5281,3.5281
"nwis_05451210",6572160,"MOST_SURE",41.3554,40,87,514.0019,1,2.714,68,65.8901,1653.02,1625.4359,241,241.3212,3,3.7718
"nwis_05515500",13433513,"MOST_SURE",66.9445,67.6327,580.775,380.1375,2.9149,2.7948,224.487,222.2556,1551.45,1528.6609,373,373.5571,3.9838,3.7443
"nwis_05543010",14780226,"MOST_SURE",41.5202,38.4606,1254,1098.8567,16.6444,6.1664,90.5283,119.3782,1613,1573.0831,312,356.5791,1.0444,2.5449
"nwis_05579630",13551309,"MAYBE2",33.9813,34,979.569,1159.4324,6.8833,8.3109,77,77.4723,1652,1652.6615,295,294.8489,2,2
"nwis_05586300",3607116,"MOST_SURE",36.134,18.9554,697.261,975.15,10,6.8026,39.9108,89.2883,1658.01,1604.8808,218,298.746,2.199,2.2863
"nwis_06336000",14567692,"MOST_SURE",31.8762,18,46.6019,1272.0663,2,12.9976,3,6.8847,399,361.4737,17,20.3894,0,0.4156
"nwis_06340590",16248681,"MOST_SURE",16.9453,20,1367.41,458.3695,8.6842,4.2794,4,3.6852,485.852,457.1187,23.9448,23.92,0.5403,0.874
"nwis_06427850",10900997,"MOST_SURE",58.8334,70,298.24,2001.7474,4.9325,5.1551,15,12.6335,403.094,349.0219,4,4.389,0,0.9075
"nwis_06436760",5453388,"MOST_SURE",52.139,46.0248,207,6347.9045,2.1967,33.1465,13.5489,14.0072,418.436,396.3528,66,64.2649,0,0.0737
"nwis_06454100",16068589,"MAYBE2",66.1787,74.858,375.183,221.074,0.2665,0.7814,16,14.5353,349.946,369.8036,19,18.9612,0.0955,0.7449
"nwis_06461500",16031404,"MOST_SURE",71.1805,75.0085,30,191.421,3,8.279,33.0085,31.1674,727.003,551.2367,96,74.7867,1,0.7505
"nwis_06465500",11645823,"MOST_SURE",70.6724,56.1008,341.309,180.0818,6.7238,6.8939,28.1071,35.4274,989.928,672.0562,58.7131,70.2579,1.8408,1.3174
"nwis_06610505",17219474,"MOST_SURE",44.6724,43,0,1101.9742,8.1226,14.2207,57,39.9472,1640.35,419.2203,174,63.128,2,0.549
"nwis_06711565",194423,"MOST_SURE",65.0364,52.6276,447.566,63.2423,5.9983,0.4889,21.5492,41.3592,347.431,323.9226,106,77.7626,0.078,0.2399
"nwis_06795500",17421926,"MOST_SURE",53.2358,41.4293,549.997,476.6654,10,16.3665,27,31.3682,1311.2,1219.9281,62,62.3058,4.8353,2.9606
"nwis_06799089",17274566,"MAYBE2",62.613,60.0543,97.1295,60.9231,0.0684,0.0099,39.0543,40.7539,1118.1899,1083.4463,55,55.103,2.0046,2.0053
"nwis_06800500",24750511,"MOST_SURE",55.486,40.8329,161.253,267.427,7.4026,6.112,48.2254,40.517,1509.97,1155.1397,99.6947,78.7563,4.7427,3.1838
"nwis_06805000",17399171,"MOST_SURE",36.754,40.4224,144,724.1654,3,13.9796,46.4224,35.6987,1593,1529.9785,133,132.8423,6,3.1715
"nwis_06805500",17416032,"MAYBE1",58.2092,35,365,280.6984,12,5.9495,43,37.4129,1620,621.2086,133,64.1716,2,1.1255
"nwis_06818000",2252949,"MOST_SURE",47.1824,19.7917,389.607,915.7098,9.815,12.3671,41.7743,39.6165,2119.78,501.1112,255.766,67.0554,1.5289,0.7328
"nwis_06887500",3644490,"MOST_SURE",35.6723,22,416.587,627.6938,3.6265,20.0638,36.8282,13.4518,2137.3501,1228.5792,235,37.1272,1.3369,1.1933
"nwis_06892350",3730399,"MOST_SURE",34.4116,21,344.707,654.3624,9,19.6541,44,15.1995,2302.96,1303.2509,231,52.4394,3,1.3006
"nwis_06892513",3727673,"MOST_SURE",21.4065,21.8445,531.63,725.1475,12,14.3936,48.5336,47.4048,2283.3501,2286.5869,231,237.3085,1,1.6345
"nwis_06893300",4392793,"MOST_SURE",21.031,21.0583,471.35,519.875,16,16.0964,47.1748,47.0796,2290.3301,2296.5063,352,351.6113,1,1.7055
"nwis_06893350",4392931,"MOST_SURE",20.6701,21,525,592.2312,16,16,47,46.3403,2296.9099,2299.5104,352,352,1,1.4221
"nwis_06893390",4392783,"MOST_SURE",20.9866,21.7555,654,548.1247,16,15.9132,49.2664,47.0612,2293.6599,2296.1032,352,351.846,1.7709,1.4503
"nwis_06893620",4390605,"MOST_SURE",21.6126,21.077,304.964,359.3876,10.5389,10.8218,47.2309,48.8378,2279.1299,2281.6221,352,352,2,2
"nwis_06893820",4390909,"MOST_SURE",21.3351,22.5244,666.789,575.9364,16,13.8775,51.5732,48.7173,2297.3701,2320.2966,352,350.5263,2,1.9931
"nwis_06893890",4390979,"MOST_SURE",21.2503,23.3832,435.3,797.8486,11.64,14.418,53.7367,48.5845,2303.8,2323.2606,352,351.5499,1.872,1.8018
"nwis_06893970",4390589,"MOST_SURE",22,22,328,331.1666,11,11,50,50,2284,2281.8239,352,352,2,1.7908
"nwis_06894000",4391187,"MOST_SURE",21.5919,23.5446,695.87,585.8009,12.6104,13.6025,53.3616,49.2715,2283.47,2312.8985,352,351.1266,1.9528,1.9316
"nwis_06917630",7367067,"MOST_SURE",34.6405,34.6405,610.088,610.088,6.3207,6.3207,79.2811,79.2811,2629.6799,2629.6799,348.224,348.224,3.1698,3.1698
"nwis_06934500",6013072,"MOST_SURE",43.3348,16.2279,69,855.7688,9.9548,13.1608,33.4558,37.2757,1822.99,735.8555,313,87.3727,2,0.9549
"nwis_07020850",5092598,"MAYBE2",43.3069,20.4577,933.234,767.7215,6.1005,11.2601,80.769,50.6907,2406.3201,932.6239,326,132.4423,3.0509,1.2623
"nwis_07048600",8590894,"MOST_SURE",29.4537,32.4419,146,61.568,7.7644,4.5119,111.856,112.5989,2632.1299,3011.4229,447,447.4116,3.0589,2.3361
"nwis_07053450",7626356,"MOST_SURE",35.943,36,0,128.7721,7.9724,7.8388,115,117.5699,2358,2543.9206,348,421.2913,3,3.0556
"nwis_07053600",7626152,"MAYBE2",35.9465,38.6176,83.5923,128.6101,9,7.8437,123.757,117.5683,2349,2543.1252,348,421.0312,2,3.0531
"nwis_07055814",11819177,"MAYBE2",28.1438,28.8406,30,22.8072,9,6.64,115.363,121.2175,2620.8999,2756.2663,448,448.6887,3,2.7075
"nwis_07056515",11817935,"MOST_SURE",31.4121,34,96.0358,104.9079,5,7.0817,138.342,139.806,2554.8201,2806.2483,448,450.567,3,2.825
"nwis_07060000",7653861,"MOST_SURE",42.8419,36.6218,282.857,130.3446,7,6.1303,134.487,146.2615,2451,2299.9829,440,439.403,4,3.7249
"nwis_07061270",7665728,"MOST_SURE",27.0937,27,63,77.8938,8,7.1136,88.7862,86.5965,2251,2222.8464,398,397.748,2,2.7292
"nwis_07061290",7666946,"MAYBE2",27.4513,28.0022,30.0379,70.1538,5,7.2066,94.0089,89.1481,2254,2235.9116,398,398.1986,3,2.6479
"nwis_07075250",11777377,"MOST_SURE",26.1617,26,90.4383,32.1685,4,4,135,134.6638,3022,3124.3596,515,514.3946,3,2.7765
"nwis_07075270",11777215,"MOST_SURE",26.1007,26,66.6655,41.1039,4,4,134.374,134.3201,3001.0901,3094.6452,515,514.1972,3,2.8608
"nwis_07106000",1530529,"MOST_SURE",49.6585,46,2207,270.109,6,1.2062,10,10.4942,358,418.8451,50,50.0822,0,0.0391
"nwis_07109500",952589,"MOST_SURE",57.0095,44.5684,6197.29,206.018,3.3442,1.5029,9,50.7488,234.042,325.2419,24.3416,73.8388,0,0.0848
"nwis_07143672",21176300,"MOST_SURE",24.6349,28.0318,1744.52,1582.6891,14.8467,17.7213,28.0318,19.3758,1999.36,1904.4749,106,106.1169,4,4.1942
"nwis_07144100",21177172,"MOST_SURE",25.3731,30,962.326,1645.4707,5.7932,17.0147,32.8826,22.7089,2045.75,1946.2481,105.803,105.6806,2.7291,4.1372
"nwis_07144780",21159337,"MOST_SURE",34.4984,34.9983,314.458,355.6485,2.0379,13.5484,24.9983,17.4391,1904.53,1770.6845,59,67.4716,5,3.7357
"nwis_07144790",21161233,"MAYBE2",34.3866,30.3944,0,611.6826,15.0501,14.0361,26,19.0414,1974,1802.8008,59,65.8236,1,3.7063
"nwis_07164500",369211,"MOST_SURE",28.8313,9,254.062,699.8077,1.9957,16.6956,13.9485,15.3546,2724.23,1187.6912,404,56.2069,2.305,0.8095
"nwis_07177500",847292,"MOST_SURE",11.3738,11,538.656,231.9626,6.2833,13.2982,19,18.9108,2727.3501,2669.9376,302,301.1353,3,3.4042
"nwis_07178200",847450,"MOST_SURE",11.0394,9.1157,538.944,290.9193,7.1433,11.8839,15.2659,18.3424,2746.6399,2682.954,300.719,301.6936,2.6166,3.3234
"nwis_071912213",21771121,"MOST_SURE",45.1787,43.942,111,194.8394,4.5019,5.0256,127.173,132.565,2793.1699,2771.3227,316,317.5777,4,3.7984
"nwis_07191222",21770993,"MOST_SURE",44.6817,44,127.507,259.4789,4,4.9044,124.824,127.7226,2798.3301,2783.7017,316,316.152,4,3.8643
"nwis_07198000",402478,"MOST_SURE",39.1143,28.3726,495.381,208.5823,9.384,4.1573,87.6251,122.9948,2889.3401,2811.9787,378,378.4639,2.624,3.3435
"nwis_07239450",391180,"MOST_SURE",21.4082,31.1095,393.377,840.5545,11.3455,25.7004,21.9882,4.7302,2226.98,1100.2902,55.8091,10.0894,0,0.0589
"nwis_07241000",393414,"MOST_SURE",21.6243,32,652.197,839.9508,29.0353,25.6934,24.934,5.0899,2387.8301,1122.7632,51,10.9617,1.2465,0.0768
"nwis_07241520",414275,"MOST_SURE",21.7548,27,139.015,833.5444,6.4407,25.5098,25.4461,5.3962,2465.1001,1141.83,195,13.1002,2.0013,0.1067
"nwis_07241550",414203,"MOST_SURE",21.7881,27,108,829.3807,2,25.3859,27,5.5231,2508,1149.8867,195,14.1801,2,0.1202
"nwis_07257500",7770981,"MOST_SURE",26.6002,26,118.046,31.4631,7.9664,5.2838,132.602,136.2975,2902.6899,3003.8498,534,531.6031,4,2.728
"nwis_07261090",7817578,"MOST_SURE",23.9955,24,409.897,628.9266,5,8.2777,131.162,132.7522,3010,2961.5398,558,550.6281,3,3.577
"nwis_07263296",22846091,"MOST_SURE",21.0623,21,110.069,121.9337,5,5,95,94.4214,3266.51,3336.2531,472,470.4954,4,3.305
"nwis_072632966",22848005,"MOST_SURE",21.1971,22,128.339,122.8534,5,5,100,95.2706,3296,3325.628,472,470.7903,4,3.3992
"nwis_072632995",22848039,"MAYBE2",22,22,71,71,1.7894,1.7894,102.38,102.38,3269.9399,3269.9399,472,472,3.1973,3.1973
"nwis_07332620",8348635,"MAYBE2",16.9588,16.9879,822.938,667.0359,13.2915,11.4719,40.9759,38.2367,3317.71,3252.2251,267,266.905,5.7639,3.308
"nwis_07332622",8348819,"MAYBE2",16.9766,16,346.872,648.1434,11,11.5279,39.6953,38.8412,3356.5701,3267.5617,267,267.0747,6,3.7083
"nwis_07374000",19088319,"MAYBE2",38.4368,20.4787,1245.49,772.6883,12.0881,10.6062,106.821,75.133,6166.1201,1349.2316,650,225.7442,4.9559,1.8084
"nwis_07381600",15182073,"MOST_SURE",34.0717,21,0,954.5569,14.5416,12.9825,117,70.5215,6534.77,1871.8422,222.398,240.8661,7,2.1457
"nwis_08041770",1142886,"MAYBE2",19.9752,19.9752,5753.7202,5753.7202,18.1345,18.1345,75.9429,75.9429,4783.79,4783.79,515,515,5.2882,5.2882
"nwis_08048000",1268410,"MOST_SURE",11.7234,13.5085,612.633,400.5118,16.8713,16.5219,11.7413,6.157,2725.6699,2591.9215,114,71.9077,0,0.0273
"nwis_08049500",1269868,"MAYBE2",11.7773,10.8918,737.338,432.2218,13.4069,16.6202,17.1012,7.0288,2826.1899,2616.3684,114,78.0934,0.2785,0.0254
"nwis_08052700",1278534,"MOST_SURE",13.0964,10.8522,889.089,821.9192,13.2706,12.2668,16.2365,19.8308,2989.3601,3033.0726,164,164.6315,2.2697,2.9875
"nwis_08052745",1278616,"MAYBE2",13.3344,13.3344,1021.35,1021.35,15.201,15.201,21.4116,21.4116,2998.1699,2998.1699,164.231,164.231,2.6926,2.6926
"nwis_08057000",942030011,"MOST_SURE",11.9914,12.9315,1012.21,529.2826,18,17.6544,23.9206,9.8801,2885.8301,2733.7712,431,112.8152,2,0.6204
"nwis_08057055",1260371,"MOST_SURE",11.9922,13.0371,1328.3101,530.7195,18.1227,17.647,25.8103,9.9371,2916.4199,2734.4469,431,114.1821,2.8015,0.6299
"nwis_08057410",1260375,"MOST_SURE",12.046,12.9317,1337.72,543.5369,16.38,17.6475,25.9305,10.3493,2951.5801,2739.3528,431,121.6705,2.2287,0.6701
"nwis_08062500",1262531,"MOST_SURE",12.6841,10,2376.54,638.7928,24,17.3289,17.4009,14.5584,3011.6799,2805.7148,431,157.059,0,0.9264
"nwis_08065350",1484774,"MOST_SURE",12.6112,12.496,3056.05,738.0614,23,15.0099,25.8138,17.5868,3357,2910.3957,227.333,179.8601,1,0.9528
"nwis_08067074",1439175,"MAYBE2",17,17,752,752,14,14,48.1468,48.0796,4013.9399,4012.5949,442.242,442.1429,4.1529,4.0829
"nwis_08068000",1468280,"MOST_SURE",20.2749,22.9199,2708.49,414.7631,16.8554,7.8255,39.8398,33.1056,3669.97,3489.3157,229.587,227.0741,4.383,3.5758
"nwis_08068275",1508047,"MOST_SURE",14.7826,15.3156,778.21,319.8572,9.3076,6.0163,26.4498,23.4229,3606.04,3538.7754,240,239.3489,2.9707,3.5855
"nwis_08068400",1507967,"MOST_SURE",21.4441,23,1261,394.0044,15.8188,9.344,40,37.2233,3694.52,3656.058,237.438,238.7501,4.2956,5.5478
"nwis_08068500",1508043,"MOST_SURE",16.3492,19.4533,192.649,409.274,6.8728,7.0097,34.4635,26.9629,3718.52,3577.9874,240,238.9494,5.9995,4.0193
"nwis_08069500",1468442,"MOST_SURE",18.3619,20.351,507.123,761.2776,9.7463,8.6701,48.8576,30.8583,3852.74,3564.1518,239.001,233.5489,4.9301,3.9372
"nwis_08070200",1520083,"MOST_SURE",24.0286,22.9151,1184.58,349.0289,17.0093,9.9255,49.3978,43.617,3913.48,3739.6249,294,292.8087,3.6874,5.25
"nwis_08155500",5781893,"MAYBE2",30.075,21,360,283.1295,33.9815,12.2403,28,38.5452,2527.3401,2555.0474,113,112.8127,0,0
"nwis_08171290",1629555,"MOST_SURE",44.3105,41.9071,1246,338.4519,31,15.7049,48.8212,52.1017,2650.8201,2742.1982,174,173.0268,0,0
"nwis_08180700",10835972,"MOST_SURE",45.7507,52.3418,605.375,357.8329,27,28.3378,11,35.8781,2786.76,2731.7948,82,82.1088,0,0.891
"nwis_08180850",10836406,"MAYBE2",45.567,42.2758,681.046,381.7537,27,27.6799,13.3108,31.7829,2811.4399,2739.1247,82,81.9722,0,0.7813
"nwis_08181500",10836092,"MOST_SURE",43.6353,40,576.699,438.623,26,27.7424,14.5179,28.647,2835.6899,2751.7644,82,82.1359,0,0.7412
"nwis_08181800",10840572,"MOST_SURE",40.6025,35.4152,263.89,494.458,10.0121,27.6515,13.9458,25.4765,2884.77,2766.1708,137.667,95.9257,0.7213,0.636
"nwis_08188060",3839167,"MOST_SURE",33.9468,13.7935,582.576,520.4145,26,27.1307,6,21.1081,3157.1101,2866.2385,59,81.4902,0,0.5534
"nwis_08211200",3171770,"MOST_SURE",27.8074,10.2261,3007.9099,779.472,25.7327,25.684,2.4577,9.0256,3012.99,2628.8378,26,36.0148,0.2263,0.1537
"nwis_08317400",17834678,"MOST_SURE",62.1777,56.2299,171.034,186.7364,1.9641,2.1506,12,88.8308,197.19,363.7654,9,114.3707,0,0.457
"nwis_08371500",309175,"MAYBE2",40.6171,18,42,197.4555,0.4824,2.3056,3,35.1961,648.119,355.7553,11,45.9654,0,0.161
"nwis_08374200",281390,"MOST_SURE",39.4519,18,0,169.9841,0.9239,2.2634,3,33.5506,668.771,383.1016,11,44.1691,0,0.1527
"nwis_08374510",291139,"MOST_SURE",38.5672,28.7546,0,165.1765,1,2.2211,6,32.1645,819.748,406.4036,12,42.6513,0,0.1455
"nwis_08374550",291639,"MOST_SURE",38.5414,32,54.9145,164.9741,1.3261,2.2174,7,32.0788,794.391,407.967,12,42.5475,0,0.145
"nwis_08375300",291801,"MAYBE2",38.4008,31,161.342,163.5145,2,2.1986,6,31.5646,686.872,417.1523,12,41.9261,0,0.1421
"nwis_08377200",285292,"MOST_SURE",37.2099,44.8771,0,163.6851,1.7589,2.0706,8.8771,28.0831,1297.0601,497.2835,11.9999,37.7843,0,0.1227
"nwis_08412500",3210721,"MOST_SURE",24.39,16.9997,482.336,360.022,1.9832,3.4382,3,6.7499,733.243,679.521,3,5.2553,0,0
"nwis_08420500",943070050,"MAYBE2",24.1309,17,1114.5,369.0168,2.0556,3.3784,3,6.6171,666.489,679.818,3.7203,5.1809,0,0
"nwis_08437710",3212475,"MAYBE2",22.4772,18,721.55,353.6657,1.5035,2.7635,3,5.7386,815,719.0849,3,5.6874,0,0
"nwis_08446500",3213331,"MOST_SURE",22.5093,30.8164,926.783,372.1044,1.4138,2.7026,6,5.6971,970.8,726.5651,3.8104,5.6191,0,0
"nwis_08447000",332712,"MOST_SURE",23.2993,40,131.954,376.7774,1,2.5334,8,5.7413,1155.78,757.1035,5,5.5819,0,0
"nwis_08447018",3158031,"MAYBE2",33.643,45.5281,84.1366,188.7845,2.6925,1.2286,9.4916,6.8708,1213.97,1100.8425,7.9381,7.984,0,0
"nwis_08447300",333056,"MAYBE2",23.8684,43.1743,44.0391,369.3535,1.8471,2.5016,9,5.8178,1265.95,775.0001,5,5.6254,0,0
"nwis_08447410",334022,"MOST_SURE",24.7937,46.9094,94.7237,367.7986,2,2.4855,9.3627,5.9712,1527.14,807.0633,5.3162,5.6871,0,0
"nwis_08470500",210083,"MOST_SURE",9.3599,10,3887.3201,2215.3421,23.5784,11.5072,2.0033,1.3602,2622.8501,2583.7875,11,10.9689,0,0
"nwis_09041400",1231609,"MOST_SURE",61.6755,64,31,145.6478,0,1.8569,78.9325,184.1553,175.81,263.4994,147,147.3149,2,2.5861
"nwis_09258050",18272094,"MOST_SURE",61.0828,61,162.53,127.7892,0,0.1748,12.8948,12.99,151.31,327,207.986,208.8034,0,0
"nwis_09258980",18272390,"MOST_SURE",59.104,56.0422,309.452,506.3813,0,0.4459,14.3874,12.1038,105.674,136.8155,209.307,207.718,0,0
"nwis_09326500",4877531,"MOST_SURE",61.8147,59.6745,22.1436,64.3124,2.9621,7.032,67.3656,110.8962,119.384,297.7409,24,24.5154,0,0
"nwis_09327000",0,"NO_COMID",NA,NA,NA,NA,NA,NA,NA,NA,NA,NA,NA,NA,NA,NA
"nwis_09406000",10023916,"MOST_SURE",76.1122,71.1967,134,54.8661,1,1.91,15,56.2433,152,240.3989,38,37.9153,0,0.0364
"nwis_10129900",10093082,"MOST_SURE",70.1474,68.9889,66.9709,59.6214,3.7794,4.2625,93.4265,128.66,212.23,219.2678,162.93,159.8442,1,1
"nwis_10133650",10276856,"MOST_SURE",68.4706,68.6481,64,70.9041,3,4.2111,145.408,216.3248,231.979,320.5076,213,209.7929,1,1
"nwis_10133800",10276836,"MAYBE2",69.0201,69.6659,62.1663,97.9373,6,4.8685,156.133,217.9542,354.222,334.0611,213,212.5471,1,0.942
"nwis_10133980",10276712,"MAYBE2",69.7336,70.4699,118,72.1989,11,4.6121,91.3599,185.415,311,379.4692,213,213.4034,0,0.8989
"nwis_11044000",22549075,"MOST_SURE",28.7426,28.7829,108.72,119.375,1.8379,0.4448,7.0854,5.9882,299.719,434.1956,27,26.8773,0,0.3504
"nwis_11046062",22549133,"MAYBE2",24,24,360.074,360.074,4,4,5,5,277.712,277.712,79.9227,79.9227,0,0
"nwis_11046072",948070440,"MAYBE2",21,21,0,0,3.9617,3.9617,5,5,275.821,275.821,86,86,0,0
"nwis_11046102",20351687,"LEAST_SURE",22.8865,23.1682,22,100.1971,0,1.1481,4.9043,5.3466,286,366.074,84.74,85.4836,0,0
"nwis_11046252",20351625,"MOST_SURE",21.2732,17.6542,14.0275,48.7489,0,1.8149,3.898,4.8612,321.157,373.0966,86,85.436,0,0
"nwis_11046372",20351619,"MOST_SURE",23.8913,18.3497,18.5874,44.2539,0,2.0236,4,5.4643,318.799,386.8918,86,84.7754,0,0.1693
"nwis_11126000",17610189,"MAYBE1",25.5903,27,0,47.8161,10,9.3643,24,23.974,784,1171.0069,63,63.4973,1,1.1124
"nwis_11273400",2829236,"MAYBE2",42.4007,28,3409,4643.1763,10,4.9397,6,110.4556,151.153,395.0576,58,170.1501,0,0.6299
"nwis_11285500",17078299,"MAYBE2",59.1065,45.7267,25.6599,16.7653,3,1.6622,181.648,525.1501,601,1157.974,394,394.2917,2,3.0854
"nwis_11313433",1889676,"MAYBE2",32.6283,33.6017,99.1693,495.4984,0,0.0419,7.2186,7.0247,207.863,204.3396,58,58,0,0
"nwis_11337190",1889650,"MOST_SURE",45.4532,33.936,29.1402,2434.8005,0,3.5654,7.3472,164.5553,214.42,581.9827,76.8188,253.1315,0,1.3693
"nwis_11447650",15048349,"MOST_SURE",55.3331,33.092,2271.78,1373.1379,2.2652,3.9574,6,234.9748,347.603,953.4055,296,455.6236,0,2.5963
"nwis_11447830",15059759,"MAYBE2",35,35,0,0,9.5924,9.5924,7,7,324.842,324.842,296,296,0,0
"nwis_11447850",15059771,"MAYBE2",33.8111,33.8111,1022.47,1022.47,2,2,6.1831,6.1831,306.443,306.443,296,296,1.0667,1.0667
"nwis_11447890",15059765,"MAYBE2",55.1781,34.5614,2727.52,1377.8689,2,3.9516,6.3529,233.2733,314.843,948.739,296,454.3498,0.8821,2.5768
"nwis_11455139",15048103,"MAYBE2",35.1439,33.6782,2776.6699,2016.0614,9.4854,7.4804,6.7069,140.5056,344.973,731.4032,296,326.2959,0,2.0201
"nwis_11455146",15048115,"MAYBE2",30,30,2534.8101,2534.8101,16.5179,16.5179,6,6,348.792,348.792,296,296,0,0
"nwis_11455315",15048187,"MAYBE2",29.2242,34.0167,0,6755.7037,9.5924,14.4347,6.0167,11.7958,346,462.7986,296,294.4748,0,0.0628
"nwis_11455350",948021229,"MOST_SURE",34.3825,33.4511,0,2612.9154,9.5924,8.3803,6,123.0966,314.601,693.9563,296,322.0203,0,1.7556
"nwis_11455478",15048429,"MOST_SURE",31.0004,34.9594,2367.1001,3631.2563,13.5861,13.9458,6.8507,7.8463,357.543,391.4642,296,289.1397,0,0.0238
"nwis_11462500",8269119,"MOST_SURE",36.1013,35.7498,71.6196,897.7016,7.7338,7.3161,234.117,194.5927,829.221,1066.7403,592,590.6028,5,5.0596
"nwis_11463000",8271445,"MOST_SURE",34.773,32.868,22.0354,665.2875,6.6547,7.1423,231.951,198.0064,970.617,1059.6698,592,590.2127,3.8273,4.8744
"nwis_11463682",8272211,"MAYBE2",34.1955,36.9637,277.046,506.7079,7,6.6714,257.69,208.5681,1091.23,1113.4818,592,590.0928,5,4.5224
"nwis_11463980",8272297,"MOST_SURE",34.356,38.1248,289.708,450.1526,7,6.4492,251.09,215.4471,1090.05,1117.4904,592,589.8752,4.8884,4.4062
"nwis_11465240",8272227,"MAYBE2",34.0177,37,107.079,34.8783,2,4.1016,226.217,185.2229,1322.5,1308.7638,592,592.4331,5,3.7321
"nwis_11467000",8272725,"MOST_SURE",33.6438,35.7131,51.3522,462.6264,2,5.6013,171.851,196.1344,1172.64,1125.7173,592,590.3107,5,4.0157
"nwis_11507501",2553629,"MOST_SURE",76.7507,75.0175,166.07,328.8799,0.0012,0.1844,43.3689,155.8607,142.54,293.3348,519,120.141,0,1.9284
"nwis_11509370",2553639,"MOST_SURE",73.4909,75.3629,3904.9399,546.5007,1.4415,0.3678,26,117.978,231.39,246.4641,436.161,253.2678,0,1.2925
"nwis_12098700",23980809,"MOST_SURE",63.6324,57,77.1219,13.2476,0,0.7411,628.545,1120.7309,611,1343.0447,1203,1203.0702,4,2.6539
"nwis_12100490",23981235,"MOST_SURE",62.9034,59.0349,51.5842,41.195,0,0.6612,363.218,1054.2246,461.488,1243.7718,1203,1202.9897,3,2.9567
"nwis_12101100",23981225,"LEAST_SURE",62.8363,53.9826,166.4,41.9767,0,0.6555,292.483,1047.7798,443.728,1236.999,1203,1202.9898,4.9721,2.9709
"nwis_12102012",23981667,"MAYBE2",56.6944,56.6944,154.774,154.774,0,0,280.209,280.209,442.604,442.604,1244.5,1244.5,2.5452,2.5452
"nwis_12165800",24274899,"MAYBE2",52.9027,53.4551,18.5054,19.6855,0.7293,0.2283,1434.58,1278.3111,1970.99,2204.0076,2572,2572,3.7293,3.2283
"nwis_12166000",24274719,"MAYBE2",53.0375,52.0677,17.4481,13.2106,0.8935,0.1271,1343.78,1136.7272,1927.8,2660.7798,2572,2572,3.8935,2.5895
"nwis_12168997",24274927,"MAYBE2",48.6635,47.6015,66,129.9907,0,0,352.051,413.5478,548,543.8403,2572,2503.9554,4,4
"nwis_12169500",24275229,"MAYBE2",47.7947,47.8405,119.023,90.5362,0,0,276.244,255.7207,479.549,470.5002,2572,2529.3009,3.6135,3.7782
"nwis_12170000",24274891,"MAYBE2",46.8587,47,131.799,151.1316,0.6148,1.4066,245.862,280.2309,376.421,438.1423,2236.74,1680.0658,4.2962,4.3243
"nwis_13013650",23123131,"MOST_SURE",74.825,75,72.9818,36.5014,0,0.103,461.312,442.0239,160.117,318.613,617.958,615.8097,4.4611,2.5963
"nwis_13173600",23299878,"MOST_SURE",72.3983,54,160.15,308.5941,2.2029,1.5108,11,121.5213,39.4388,149.6359,108.979,199.9887,0,0.5427
"nwis_13206400",23400535,"MOST_SURE",NA,NA,NA,NA,NA,NA,NA,NA,NA,NA,NA,NA,NA,NA
"nwis_13207500",23402329,"MOST_SURE",61.6788,57.372,36.5239,42.5704,0,1.5644,63.9517,93.9989,81.757,165.5075,355,356.2292,0,0
"nwis_13210660",23398651,"MOST_SURE",65.8535,61,1158.89,430.8108,0.1706,0.8644,15,31.8146,57.8885,113.6246,355,353.9901,0,0.0803
"nwis_13210815",23398643,"MOST_SURE",64.7102,59.9438,5172,759.0677,0,0.8871,14.4719,27.819,56,91.6023,355,354.573,0,0.0343
"nwis_13211441",23398441,"MOST_SURE",61.4833,57.3057,143.419,901.383,0,0.9638,12.1384,21.3266,51.301,85.4147,355,345.4554,0,0.1447
"nwis_13213000",23398297,"MOST_SURE",68.3332,54,583.199,268.6561,0.1138,0.3294,13,196.034,52.1708,243.2059,355,325.5355,0,0.0129
"nwis_13213072",947050151,"MOST_SURE",54.4454,54,22,449.699,0,0.1907,13.6976,26.1343,48.1868,55.3539,355,363.1016,0,0
"nwis_13213080",23410927,"MOST_SURE",54.4401,54,56,444.8143,1.4205,0.1911,15.5174,25.9936,46.6271,55.2436,208.996,362.7292,0,0
"nwis_13213100",23409945,"MOST_SURE",69.2071,53.2822,125,387.2948,1,1.3441,24.9672,106.2197,48.7005,147.4535,87,189.5775,0,0.3726
"nwis_14151000",23752598,"MOST_SURE",56.683,44.9275,751.561,119.4917,2.3283,7.7975,340.041,596.698,611.757,976.5295,1084,1085.0107,3,4.3486
"nwis_14152000",23751778,"MOST_SURE",65.2624,40.1052,49.5744,88.9053,0,5.2803,298.198,680.224,567.053,909.3869,1005.6,1083.8973,3,4.0326
"nwis_14158100",23763419,"MAYBE2",57.8843,36.7509,2206,118.3314,1.5909,4.3043,275.398,585.4127,406.899,883.8481,895,1002.0949,4,3.3778
"nwis_14162500",23772909,"MOST_SURE",67.5666,61.3298,93,39.2126,13.4237,7.4761,916.066,1134.5032,872.05,1390.2178,1285,1284.5059,5.2627,6.1024
"nwis_14181500",23780511,"MOST_SURE",68.1597,56.4885,16.6733,11.4806,1,0.9495,1201.92,1382.7168,1386,1488.4218,1836,1822.7218,2.9857,3.0269
"nwis_14182500",23780805,"MAYBE2",56.6977,51.4433,64.9215,45.8788,0.0274,0.5829,990.612,1175.4588,1274.3,1842.7531,1836,1823.4452,3,2.4266
"nwis_14202650",23805136,"MAYBE1",49.2578,50,1165,589.4796,0,0,589,567.8936,530.933,605.8089,756,765.3192,2,2.2632
"nwis_14202980",23805102,"MOST_SURE",49.7545,50.0513,1036.51,321.3854,0,0,652.153,756.9165,603.834,1109.2437,756,761.673,2,1.9311
"nwis_14206694",23804868,"MAYBE2",48.5232,48.0629,547.183,1941.9886,0,0.0454,364.985,552.3595,467.666,813.8972,756,763.7217,2,2.3689
"nwis_14206950",23805270,"MOST_SURE",45.5219,46.1588,2335.3101,1286.6029,0,0.0772,319.982,318.6547,476.939,473.03,755.652,753.0927,2,2.6923
"nwis_14207200",23804836,"MOST_SURE",48.3336,49.2767,785,2027.8593,1.287,0.0577,338.36,525.461,566.526,774.9366,757.382,763.4302,2.713,2.3978
"nwis_14209710",23809112,"MAYBE2",72.2574,64.1509,39,21.7661,0,0,1006.23,1139.0192,1207,1297.1069,1413,1412.1217,3,2.581
"nwis_14210000",23809080,"MOST_SURE",70.7619,54.0522,283.959,32.1544,2.2467,0.1209,677.633,1108.5623,709.558,1299.8951,1413,1412.2321,3.9279,2.63
"nwis_14211010",23809000,"MAYBE2",65.9124,48.9253,1380.4301,134.8513,1.454,0.5925,341.647,995.3578,572.357,1212.9247,1255.15,1411.2775,2.6998,2.919
"nwis_14211720",23815040,"MOST_SURE",53.7256,45.4525,1136.83,823.5772,0.1073,1.885,306.239,705.9354,521.633,1026.2799,661.939,1199.9078,3.6628,2.8922
"nwis_14301500",23875925,"MOST_SURE",48.1838,47,20.3235,30.3699,1.2897,0.8891,1006.35,1032.3652,3310.1499,3393.3097,2318,2283.0618,3.2897,2.7929
"nwis_14302480",23875839,"MOST_SURE",47.8256,47,28.1506,33.8613,1.5548,1.0355,1042.92,1093.6262,3122.9199,3089.6439,2318,2294.3702,4,3.1223
"nwis_14316460",23894292,"MOST_SURE",75.487,70.1616,17.0225,37.2113,0,0,710.482,772.896,613,742.9358,994,959.6014,3.1816,4.5111
"nwis_14317450",23894140,"MOST_SURE",67.8355,46.3308,51.4082,25.5369,1.9629,0.2938,399.34,688.8156,887.122,794.7009,994,976.1882,2,3.2946
"nwis_15298040",0,"NO_COMID",NA,NA,NA,NA,NA,NA,NA,NA,NA,NA,NA,NA,NA,NA
"nwis_291830081362200",10989401,"MAYBE2",46.4243,49.6564,80,89.8579,0.3168,0.0412,158.0759,118.3542,4941.3799,4968.6445,290,290.2607,4,3.8746
"nwis_294213081345300",16665079,"MAYBE2",40.8327,39.5334,148.132,159.0735,0,0,127.617,131.8716,4970.9502,4941.1568,296,296,4.2354,4.0497
"nwis_295554095093402",1469610,"MAYBE2",20.6016,18.1082,2622.5701,751.1854,15.9268,9.7223,50.7818,36.904,3937.79,3654.2625,235.708,254.1593,4.1633,4.3996
"nwis_295826095082200",1469610,"MAYBE2",20.6016,18.1082,2622.5701,751.1854,15.9268,9.7223,50.7818,36.904,3937.79,3654.2625,235.708,254.1593,4.1633,4.3996
"nwis_295827090052800",18910456,"MAYBE2",30.5319,30.5319,0,0,4.8431,4.8431,192.052,192.052,6421.3901,6421.3901,495.165,495.165,7,7
"nwis_295906090054200",18910424,"MAYBE2",31.0436,31.0436,678.783,678.783,4.8331,4.8331,192.672,192.672,6410.8799,6410.8799,502.049,502.049,6.8724,6.8724
"nwis_300009090051600",18910424,"MAYBE2",31.0436,31.0436,678.783,678.783,4.8331,4.8331,192.672,192.672,6410.8799,6410.8799,502.049,502.049,6.8724,6.8724
"nwis_300026090050800",18910456,"MAYBE2",30.5319,30.5319,0,0,4.8431,4.8431,192.052,192.052,6421.3901,6421.3901,495.165,495.165,7,7
"nwis_300034090055300",18910424,"MAYBE2",31.0436,31.0436,678.783,678.783,4.8331,4.8331,192.672,192.672,6410.8799,6410.8799,502.049,502.049,6.8724,6.8724
"nwis_300127090045800",18910456,"MAYBE2",30.5319,30.5319,0,0,4.8431,4.8431,192.052,192.052,6421.3901,6421.3901,495.165,495.165,7,7
"nwis_300128090045800",18910456,"MAYBE2",30.5319,30.5319,0,0,4.8431,4.8431,192.052,192.052,6421.3901,6421.3901,495.165,495.165,7,7
"nwis_301124081395901",16660943,"MAYBE2",49.2808,35,87.065,267.6568,0,0.3928,122.205,131.1992,4743.3701,5072.5121,296,256.3046,3.9109,4.42
"nwis_301527088521500",0,"NO_COMID",NA,NA,NA,NA,NA,NA,NA,NA,NA,NA,NA,NA,NA,NA
"nwis_301912088583300",0,"NO_COMID",NA,NA,NA,NA,NA,NA,NA,NA,NA,NA,NA,NA,NA,NA
"nwis_302309081333001",16674127,"MAYBE2",33.5429,35.876,93.4627,145.3869,0,0.6757,126.752,119.7957,4594.8301,4487.3647,296,296.486,3,5.3768
"nwis_305215089073600",18109250,"MAYBE2",35.7008,35,180.082,180.5958,8,8.6603,211.976,214.6185,5968,5946.3376,666,666,5,5
"nwis_310506089291200",18105458,"MAYBE2",39.3754,39,158.804,153.6959,8,6.5224,222,223.8366,5695,5658.2273,666,664.7967,5,5
"nwis_310805089141600",18105436,"MAYBE2",37,37,192,192,8,8,208.944,208.5148,5618,5614.5701,666,666,5,5
"nwis_312514091273400",19123016,"MAYBE2",32.8082,32.3667,500.68,606.4508,12.9989,12.5114,154.217,154.9716,5438.0898,5396.915,557.376,560.3918,6.5709,5.6472
"nwis_314416091213400",19122120,"MAYBE2",32.4835,31,474.295,586.2881,11,10.2092,140.853,149.1025,5192.1899,5214.3825,562.92,562.7335,5,5.5221
"nwis_323733107011002",2536833,"MAYBE2",42,42,168.58,161.0317,0.091,0.2436,9,9,339.261,343.0111,13.2614,11.181,0,0
"nwis_324007107095501",2536659,"MAYBE2",43.6802,42.5549,132.608,71.1294,0,0,9,9,337,355.6014,14,13.7349,0,0
"nwis_324955107180902",2537301,"MAYBE2",43.4089,47.4364,174,193.1605,0,2.6285,10,40.3114,337.992,332.1407,14,51.5966,0,0.188
"nwis_330203091020200",938030541,"MAYBE2",31.409,31,1050,3714.8247,4.5531,7.8489,138,138.6376,4121,4107.2033,551,551,7.8815,6.6295
"nwis_330359090194135",17998664,"MAYBE2",25.013,25.5975,3414.46,1750.3372,13.4166,10.4956,118.987,117.0736,4090.24,3992.2598,557,557,4.6548,5.3222
"nwis_330735090300200",17998638,"MAYBE2",24.2643,27,4336.2598,1438.681,14.1552,10.1779,125.971,126.3649,4044.1299,3672.0214,557,549.6466,3,5.3742
"nwis_331346117243401",22549137,"MAYBE2",24.7007,24.7007,246,246,3,3,5,5,277,277,35.1866,35.1866,0,0
"nwis_331623091023700",18057748,"MAYBE2",30.586,30.586,305.009,305.009,5.0037,5.0037,135.285,135.285,3986.05,3986.05,551,551,4.9975,4.9975
"nwis_333957091034100",18055910,"MAYBE2",33.4246,33.4246,284.952,284.952,2.0542,2.0542,151.841,151.841,3775.71,3775.71,551.086,551.086,5.8784,5.8784
"nwis_340247088560200",18654936,"MAYBE2",20.5123,21,716.024,387.3813,17,13.0285,111.965,108.9689,3704.98,3704.4026,592,592,5,5.4664
"nwis_341436088534500",18683612,"MAYBE2",29.2109,29.763,262.473,244.456,6.4003,6.3305,163.735,160.8258,3678.74,3677.3238,580,580,5.1418,5.1125
"nwis_343916088435600",14224335,"MAYBE2",39.5894,39.5894,99.4907,99.4907,4,4,231.037,231.037,3631,3631,560.126,560.126,6,6
"nwis_351111089512501",14206320,"MAYBE2",27.0479,27,980.82,665.1198,10,9.0603,123.998,123.6019,3280.99,3286.3159,507,506.98,5,5.2015
"nwis_351113089513401",14206320,"MAYBE2",27.0479,27,980.82,665.1198,10,9.0603,123.998,123.6019,3280.99,3286.3159,507,506.98,5,5.2015
"nwis_355537086514101",18393808,"MAYBE2",26.0628,27,374,371.0998,6,5.0591,143,148.2245,2864,2869.2133,553,554.9331,4,4.0336
"nwis_355537086514102",18393808,"MAYBE2",26.0628,27,374,371.0998,6,5.0591,143,148.2245,2864,2869.2133,553,554.9331,4,4.0336
"nwis_364200119420001",17142136,"MAYBE2",45.7533,44.617,3042.5701,1440.6936,0,1.9115,61.5751,83.6126,126.611,212.2231,84,207.024,0,0
"nwis_364200119420002",17142136,"MAYBE2",45.7533,44.617,3042.5701,1440.6936,0,1.9115,61.5751,83.6126,126.611,212.2231,84,207.024,0,0
"nwis_375327097285402",21177172,"MAYBE2",25.3731,30,962.326,1645.4707,5.7932,17.0147,32.8826,22.7089,2045.75,1946.2481,105.803,105.6806,2.7291,4.1372
"nwis_375332097284802",21177172,"MAYBE2",25.3731,30,962.326,1645.4707,5.7932,17.0147,32.8826,22.7089,2045.75,1946.2481,105.803,105.6806,2.7291,4.1372
"nwis_375348097262800",21177170,"MAYBE1",30,30,1527.13,1527.13,16.353,16.353,33.996,33.996,2053.9199,2053.9199,106,106,1.1289,1.1289
"nwis_375350097262800",21177172,"MOST_SURE",25.3731,30,962.326,1645.4707,5.7932,17.0147,32.8826,22.7089,2045.75,1946.2481,105.803,105.6806,2.7291,4.1372
"nwis_385446094430700",4392935,"MOST_SURE",20.9963,21,447.033,554.8334,16,16.1991,47,46.9927,2294.5801,2301.4337,352,351.3887,1.3908,1.9254
"nwis_385520094420000",4392905,"MOST_SURE",20.9967,21,447,543.9354,16,16.179,47,46.9934,2294.8999,2300.7743,352,351.4504,1,1.8319
"nwis_385608094380300",4392849,"MOST_SURE",21.0709,21.1804,525,513.4466,16,15.8471,47.5411,47.2031,2292.3601,2294.4207,352,351.7288,1,1.4923
"nwis_410333095530101",17219526,"MOST_SURE",44.6632,36.1963,533.391,1100.0695,1.7557,14.2096,47.3927,39.9752,1661.1801,421.9833,165.724,63.3922,4,0.5568
"nwis_412126095565201",17219436,"MOST_SURE",44.6749,41.0861,103.153,1102.747,1.9949,14.2275,52.6291,39.9352,1598.17,418.2282,174,63.0347,3.801,0.5464
"nwis_414037088003201",14787047,"MAYBE2",32.1564,38.6268,1173,1383.6351,7.1925,5.8423,106.627,97.6547,1578,1477.7897,380,356.3989,2,2.366
"nwis_414042088003201",14787477,"MAYBE2",36.6053,39.3599,658.356,1310.2471,8.0731,8.371,107.634,92.6707,1577.2,1413.8507,380,377.5001,1.9438,1.9821
"nwis_415007121102001",2556537,"MAYBE2",63.3442,64.016,246.818,1047.1319,0.3485,0.9033,26.509,25.7202,114.635,126.3593,519,519,0.3904,0.1188
"nwis_420451121510000",2552667,"MOST_SURE",75.2268,75.6061,741,1291.793,2,1.7558,26,27.6947,217.216,151.3293,519,519,0,0.1155
"nwis_420615121533600",2553651,"MOST_SURE",73.487,75.33,2928.5,538.56,1.5949,0.3655,26.2629,118.1583,211.129,246.4999,519,252.8587,0,1.295
"nwis_420615121533601",2553651,"MAYBE2",73.487,75.33,2928.5,538.56,1.5949,0.3655,26.2629,118.1583,211.129,246.4999,519,252.8587,0,1.295
"nwis_420741121554001",2553639,"MAYBE2",73.4909,75.3629,3904.9399,546.5007,1.4415,0.3678,26,117.978,231.39,246.4641,436.161,253.2678,0,1.2925
"nwis_420853121505500",2553655,"MOST_SURE",73.4594,75.0016,2322.9299,523.2368,1.875,0.3449,31.0426,119.542,187.246,247.6576,512.583,248.8078,0,1.3135
"nwis_420853121505501",2553655,"MAYBE2",73.4594,75.0016,2322.9299,523.2368,1.875,0.3449,31.0426,119.542,187.246,247.6576,512.583,248.8078,0,1.3135
"nwis_421015121471800",2552009,"MOST_SURE",66.5352,75,400.356,910.8717,4.7875,0.6743,33.7269,44.9351,142.459,153.0863,519,513.9058,0,0.0474
"nwis_421209121463000",2553631,"MOST_SURE",76.7488,75,214.217,328.755,0.1393,0.1843,37.7087,155.7321,136.442,293.1641,519,120.5749,0,1.9263
"nwis_421209121463001",2553631,"MAYBE2",76.7488,75,214.217,328.755,0.1393,0.1843,37.7087,155.7321,136.442,293.1641,519,120.5749,0,1.9263
"nwis_421401121480900",948010003,"MAYBE2",76.7559,75,145,329.3632,1,0.1849,43,156.1933,136,293.781,519,118.9619,0,1.9341
"nwis_421410121492000",24091906,"MAYBE2",76.7604,75.0022,181.032,329.9115,0.0782,0.1837,40.1029,156.5351,149.771,294.241,196.27,117.7119,0,1.9403
"nwis_421838121513900",24091916,"MAYBE2",76.7625,77.1394,810.017,329.5657,0.7018,0.1825,49.6565,157.0733,158.059,294.948,139,117.4818,0.3952,1.9485
"nwis_421933121550000",24092324,"MAYBE2",76.2308,77.5947,1858.65,641.9128,0.9935,0.4014,40.0079,34.7626,227.468,224.1784,139,146.9944,0,0.0377
"nwis_422042121513100",24091920,"MAYBE2",76.7676,77.7912,824.888,321.525,1.9455,0.1777,49.1691,159.9113,208.283,296.9532,149.006,116.8312,0.11,1.992
"nwis_422128121530600",24091920,"MAYBE2",76.7676,77.7912,824.888,321.525,1.9455,0.1777,49.1691,159.9113,208.283,296.9532,149.006,116.8312,0.11,1.992
"nwis_422305121553800",24091920,"MAYBE2",76.7676,77.7912,824.888,321.525,1.9455,0.1777,49.1691,159.9113,208.283,296.9532,149.006,116.8312,0.11,1.992
"nwis_422305121553803",24091920,"MAYBE2",76.7676,77.7912,824.888,321.525,1.9455,0.1777,49.1691,159.9113,208.283,296.9532,149.006,116.8312,0.11,1.992
"nwis_422437121515200",24091920,"MAYBE2",76.7676,77.7912,824.888,321.525,1.9455,0.1777,49.1691,159.9113,208.283,296.9532,149.006,116.8312,0.11,1.992
"nwis_422559121574400",24092410,"MAYBE2",76.1483,78.9266,7116.8501,313.8308,1,0.17,52.3056,110.7864,203.28,245.9524,135.974,110.3033,0,1.9034
"nwis_422622122004000",24092268,"MAYBE2",76.4155,78.1016,262.334,65.8517,1,0.3321,71.2619,87.4314,234.455,506.0324,139,138.2552,0,0
"nwis_422622122004003",24092268,"MAYBE2",76.4155,78.1016,262.334,65.8517,1,0.3321,71.2619,87.4314,234.455,506.0324,139,138.2552,0,0
"nwis_422719121571400",24092410,"MAYBE2",76.1483,78.9266,7116.8501,313.8308,1,0.17,52.3056,110.7864,203.28,245.9524,135.974,110.3033,0,1.9034
"nwis_422749121540700",24091920,"MAYBE2",76.7676,77.7912,824.888,321.525,1.9455,0.1777,49.1691,159.9113,208.283,296.9532,149.006,116.8312,0.11,1.992
"nwis_422808122024400",24092230,"MAYBE2",81.2099,79.9249,337.983,66.9547,0.0242,0.0016,120.787,352.0435,253.251,578.0729,139,139.1096,0,3.7515
"nwis_422842121584300",24092410,"MAYBE2",76.1483,78.9266,7116.8501,313.8308,1,0.17,52.3056,110.7864,203.28,245.9524,135.974,110.3033,0,1.9034
"nwis_423124121583400",24091894,"MAYBE2",81.3218,81.9997,1086.87,108.4906,0.4072,0.0277,108.715,595.5786,208.357,547.7556,139,141.9642,1.3751,4.3386
"nwis_423335121564300",24091898,"MAYBE2",81.3186,81.861,1044.51,101.9701,1.6114,0.0307,87.9177,610.7517,180.409,524.0752,137.4,141.207,0.2364,4.4233
"nwis_431037090043401",13635863,"MAYBE2",60.5851,60.5862,86.2232,86.4577,3.5531,3.5578,139.425,139.4184,1357.4,1357.4025,270,270,2.9419,2.9421
"nwis_433422116323200",23402491,"MOST_SURE",61.5438,62.127,2237.8401,718.5412,0.4217,1.0626,13,22.5985,56.5681,89.8418,355,344.0344,0,0.1662
"nwis_434821116444300",23399085,"MOST_SURE",55.8044,54.9741,949.58,538.0794,0,0,23.0613,37.7011,55,57.8598,355,361.9524,0,0
"nwis_443320089212303",9033221,"MAYBE2",69.5402,72.2347,77.9783,115.7008,1,1.0015,193.683,187.0995,1127.73,1127.1139,292.841,292.8756,1,1.4719
"nwis_443320089212304",9033221,"MAYBE2",69.5402,72.2347,77.9783,115.7008,1,1.0015,193.683,187.0995,1127.73,1127.1139,292.841,292.8756,1,1.4719
"nwis_444728122450000",23780477,"MAYBE2",63.8584,52,380.514,44.8917,0,1.0176,792.584,1298.877,789,1540.143,1836,1824.1495,1.1794,2.8558
"nwis_452230122512201",23805228,"MAYBE2",48.5561,47.9192,8881.0195,3892.7747,0,0.1228,342.671,350.1218,471.966,539.5821,756,761.2292,2.1084,2.0284
"nwis_453004122510301",23804898,"MOST_SURE",45.7482,46.0641,11225.9004,2093.2808,0.0317,0.4484,345.415,329.2166,458.894,493.6996,756,755.109,3.5609,3.4744
"nwis_453030122560101",23804886,"MOST_SURE",46.2034,48,15515.2002,1916.0081,0,0.3184,391.54,341.2104,428.347,515.4725,756,754.5229,4,2.9049
"nwis_453040123065201",23805050,"MAYBE2",49.331,50,2289.6699,480.1607,0,0,604.209,745.7967,667.139,1175.2729,756,780.7629,2.9121,2.0615
"nwis_453113123003501",23804940,"MAYBE2",48.5387,48,1853.33,1399.8457,0,0.0014,436.677,507.5765,431.923,764.2957,756,758.4764,2.0108,2.3765
"nwis_453604122060000",23736119,"LEAST_SURE",67.4194,47.0134,30.583,175.4249,2,1.2268,702.393,197.9779,1512.36,229.3958,1879,316.9375,3,0.4911
"nwis_454705122451400",23737983,"MAYBE2",50.8862,51.4645,2364.79,1936.3212,0.4851,0.4076,378.997,375.1949,492.451,488.8559,1879,1879,4.4851,4.4075
"nwis_455009119142301",23650760,"MAYBE2",54.0049,54,73.9481,82.2511,0,0,10.3683,10.2133,34.4361,34.4825,81,81.0036,0,0
"nwis_455415119314601",947070178,"MAYBE2",67.3781,54.4437,254.415,176.1434,0.0042,1.2146,11.257,200.3196,35.6099,227.2723,109.706,306.8011,0,0.5129
"nwis_460939123201600",24522062,"MAYBE2",47.9216,47.9114,287,287,1.2093,1.3642,726.166,726.2984,906.287,912.6959,1718,1718,2.8142,2.8373
"nwis_461518123285700",24520950,"MAYBE2",43,43,0,0,0.7522,0.7522,833.8152,833.8152,1378.29,1378.29,1718,1718,3,3
"nwis_50048565",0,"NO_COMID",NA,NA,NA,NA,NA,NA,NA,NA,NA,NA,NA,NA,NA,NA
"nwis_50048580",0,"NO_COMID",NA,NA,NA,NA,NA,NA,NA,NA,NA,NA,NA,NA,NA,NA
"nwis_50231500",0,"NO_COMID",NA,NA,NA,NA,NA,NA,NA,NA,NA,NA,NA,NA,NA,NA
"nwis_50231505",0,"NO_COMID",NA,NA,NA,NA,NA,NA,NA,NA,NA,NA,NA,NA,NA,NA
