"config.row"	"job.id"
1	1
2	2
3	3
4	4
5	5
6	6
7	7
8	8
9	9
10	10
11	11
12	12
13	13
14	14
15	15
16	16
17	17
18	18
19	19
20	20
21	21
22	22
23	23
24	24
25	25
26	26
27	27
28	28
29	29
30	30
31	31
32	32
33	33
34	34
35	35
36	36
37	37
38	38
39	39
40	40
41	41
42	42
43	43
44	44
45	45
46	46
47	47
48	48
49	49
50	50
51	1
52	2
53	3
54	4
55	5
56	6
57	7
58	8
59	9
60	10
61	11
62	12
63	13
64	14
65	15
66	16
67	17
68	18
69	19
70	20
71	21
72	22
73	23
74	24
75	25
76	26
77	27
78	28
79	29
80	30
81	31
82	32
83	33
84	34
85	35
86	36
87	37
88	38
89	39
90	40
91	41
92	42
93	43
94	44
95	45
96	46
97	47
98	48
99	49
100	50
101	1
102	2
103	3
104	4
105	5
106	6
107	7
108	8
109	9
110	10
111	11
112	12
113	13
114	14
115	15
116	16
117	17
118	18
119	19
120	20
121	21
122	22
123	23
124	24
125	25
126	26
127	27
128	28
129	29
130	30
131	31
132	32
133	33
134	34
135	35
136	36
137	37
138	38
139	39
140	40
141	41
142	42
143	43
144	44
145	45
146	46
147	47
148	48
149	49
150	50
151	1
152	2
153	3
154	4
155	5
156	6
157	7
158	8
159	9
160	10
161	11
162	12
163	13
164	14
165	15
166	16
167	17
168	18
169	19
170	20
171	21
172	22
173	23
174	24
175	25
176	26
177	27
178	28
179	29
180	30
181	31
182	32
183	33
184	34
185	35
186	36
187	37
188	38
189	39
190	40
191	41
192	42
193	43
194	44
195	45
196	46
197	47
198	48
199	49
200	50
201	1
202	2
203	3
204	4
205	5
206	6
207	7
208	8
209	9
210	10
211	11
212	12
213	13
214	14
215	15
216	16
217	17
218	18
219	19
220	20
221	21
222	22
223	23
224	24
225	25
226	26
227	27
228	28
229	29
230	30
231	31
232	32
233	33
234	34
235	35
236	36
237	37
238	38
239	39
240	40
241	41
242	42
243	43
244	44
245	45
246	46
247	47
248	48
249	49
250	50
251	1
252	2
253	3
254	4
255	5
256	6
257	7
258	8
259	9
260	10
261	11
262	12
263	13
264	14
265	15
266	16
267	17
268	18
269	19
270	20
271	21
272	22
273	23
274	24
275	25
276	26
277	27
278	28
279	29
280	30
281	31
282	32
283	33
284	34
285	35
286	36
287	37
288	38
289	39
290	40
291	41
292	42
293	43
294	44
295	45
296	46
297	47
298	48
299	49
300	50
301	1
302	2
303	3
304	4
305	5
306	6
307	7
308	8
309	9
310	10
311	11
312	12
313	13
314	14
315	15
316	16
317	17
318	18
319	19
320	20
321	21
322	22
323	23
324	24
325	25
326	26
327	27
328	28
329	29
330	30
331	31
332	32
333	33
334	34
335	35
336	36
337	37
338	38
339	39
340	40
341	41
342	42
343	43
344	44
345	45
346	46
347	47
348	48
349	49
350	50
351	1
352	2
353	3
354	4
355	5
356	6
357	7
358	8
359	9
360	10
361	11
362	12
363	13
364	14
365	15
366	16
367	17
368	18
369	19
370	20
371	21
372	22
373	23
374	24
375	25
376	26
377	27
378	28
379	29
380	30
381	31
382	32
383	33
384	34
385	35
386	36
387	37
388	38
389	39
390	40
391	41
392	42
393	43
394	44
395	45
396	46
397	47
398	48
399	49
400	50
401	1
402	2
403	3
404	4
405	5
406	6
407	7
408	8
409	9
410	10
411	11
412	12
413	13
414	14
415	15
416	16
417	17
418	18
419	19
420	20
421	21
422	22
423	23
424	24
425	25
426	26
427	27
428	28
429	29
430	30
431	31
432	32
433	33
